[
  {"function": "minecraft:set_nbt","tag": "{CustomModelData:4207}","conditions": [{"condition": "minecraft:entity_scores","entity": "this","scores": { "fwg.cooldown" : 12}}]},
  {"function": "minecraft:set_nbt","tag": "{CustomModelData:4208}","conditions": [{"condition": "minecraft:entity_scores","entity": "this","scores": { "fwg.cooldown" : 10}}]},
  {"function": "minecraft:set_nbt","tag": "{CustomModelData:4209}","conditions": [{"condition": "minecraft:entity_scores","entity": "this","scores": { "fwg.cooldown" : 9}}]},
  {"function": "minecraft:set_nbt","tag": "{CustomModelData:4210}","conditions": [{"condition": "minecraft:entity_scores","entity": "this","scores": { "fwg.cooldown" : 7}}]},
  {"function": "minecraft:set_nbt","tag": "{CustomModelData:4211}","conditions": [{"condition": "minecraft:entity_scores","entity": "this","scores": { "fwg.cooldown" : 5}}]},
  {"function": "minecraft:set_nbt","tag": "{CustomModelData:4212}","conditions": [{"condition": "minecraft:entity_scores","entity": "this","scores": { "fwg.cooldown" : 3}}]},
  {"function": "minecraft:set_nbt","tag": "{CustomModelData:4002}","conditions": [{"condition": "minecraft:entity_scores","entity": "this","scores": { "fwg.cooldown" : 1}}]}
]
