[
  {"function": "minecraft:set_nbt","tag": "{selected:0b,CustomModelData:1000}","conditions": [{"condition": "minecraft:entity_scores","entity": "this","scores": {"fw.id0": 1}}]},
  {"function": "minecraft:set_nbt","tag": "{selected:0b,CustomModelData:1000}","conditions": [{"condition": "minecraft:entity_scores","entity": "this","scores": {"fw.id0": 2}}]},
  {"function": "minecraft:set_nbt","tag": "{selected:0b,CustomModelData:2000}","conditions": [{"condition": "minecraft:entity_scores","entity": "this","scores": {"fw.id0": 3}}]},
  {"function": "minecraft:set_nbt","tag": "{selected:0b,CustomModelData:1000}","conditions": [{"condition": "minecraft:entity_scores","entity": "this","scores": {"fw.id0": 4}}]},
  {"function": "minecraft:set_nbt","tag": "{selected:0b,CustomModelData:2000}","conditions": [{"condition": "minecraft:entity_scores","entity": "this","scores": {"fw.id0": 5}}]},
  {"function": "minecraft:set_nbt","tag": "{selected:0b,CustomModelData:3000}","conditions": [{"condition": "minecraft:entity_scores","entity": "this","scores": {"fw.id0": 6}}]},
  {"function": "minecraft:set_nbt","tag": "{selected:0b,CustomModelData:1000}","conditions": [{"condition": "minecraft:entity_scores","entity": "this","scores": {"fw.id0": 7}}]},
  {"function": "minecraft:set_nbt","tag": "{selected:0b,CustomModelData:2000}","conditions": [{"condition": "minecraft:entity_scores","entity": "this","scores": {"fw.id0": 8}}]},
  {"function": "minecraft:set_nbt","tag": "{selected:0b,CustomModelData:3000}","conditions": [{"condition": "minecraft:entity_scores","entity": "this","scores": {"fw.id0": 9}}]},

  {"function": "minecraft:set_nbt","tag": "{selected:0b,CustomModelData:4000}","conditions": [{"condition": "minecraft:entity_scores","entity": "this","scores": {"fw.id0": 10}}]},
  {"function": "minecraft:set_nbt","tag": "{selected:0b,CustomModelData:3000}","conditions": [{"condition": "minecraft:entity_scores","entity": "this","scores": {"fw.id0": 11}}]},
  {"function": "minecraft:set_nbt","tag": "{selected:0b,CustomModelData:5000}","conditions": [{"condition": "minecraft:entity_scores","entity": "this","scores": {"fw.id0": 12}}]},
  {"function": "minecraft:set_nbt","tag": "{selected:0b,CustomModelData:1000}","conditions": [{"condition": "minecraft:entity_scores","entity": "this","scores": {"fw.id0": 13}}]},
  {"function": "minecraft:set_nbt","tag": "{selected:0b,CustomModelData:2000}","conditions": [{"condition": "minecraft:entity_scores","entity": "this","scores": {"fw.id0": 14}}]},
  {"function": "minecraft:set_nbt","tag": "{selected:0b,CustomModelData:3000}","conditions": [{"condition": "minecraft:entity_scores","entity": "this","scores": {"fw.id0": 15}}]},
  {"function": "minecraft:set_nbt","tag": "{selected:0b,CustomModelData:1000}","conditions": [{"condition": "minecraft:entity_scores","entity": "this","scores": {"fw.id0": 16}}]},
  {"function": "minecraft:set_nbt","tag": "{selected:0b,CustomModelData:2000}","conditions": [{"condition": "minecraft:entity_scores","entity": "this","scores": {"fw.id0": 17}}]},
  {"function": "minecraft:set_nbt","tag": "{selected:0b,CustomModelData:1000}","conditions": [{"condition": "minecraft:entity_scores","entity": "this","scores": {"fw.id0": 18}}]}
]