[
  {"function": "minecraft:set_nbt","tag": "{selected:1b,offhand:1b,clicker:1,CustomModelData:1001}","conditions": [{"condition": "minecraft:entity_scores","entity": "this","scores": {"fw.id": 1}}]},
  {"function": "minecraft:set_name","name": {"text": "Hermes' Message","color": "blue","italic": false},
  "conditions": [{"condition": "minecraft:entity_scores","entity": "this","scores": {"fw.id": 1}}]},

  {"function": "minecraft:set_nbt","tag": "{selected:1b,offhand:1b,clicker:1,CustomModelData:2001}","conditions": [{"condition": "minecraft:entity_scores","entity": "this","scores": {"fw.id": 2}}]},
  {"function": "minecraft:set_name","name": {"text": "Ares' Harbinger","color": "blue","italic": false},
  "conditions": [{"condition": "minecraft:entity_scores","entity": "this","scores": {"fw.id": 2}}]},

  {"function": "minecraft:set_nbt","tag": "{selected:1b,offhand:1b,clicker:1,CustomModelData:3001}","conditions": [{"condition": "minecraft:entity_scores","entity": "this","scores": {"fw.id": 3}}]},
  {"function": "minecraft:set_name","name": {"text": "Hades' Wrath","color": "blue","italic": false},
  "conditions": [{"condition": "minecraft:entity_scores","entity": "this","scores": {"fw.id": 3}}]},

  {"function": "minecraft:set_nbt","tag": "{selected:1b,offhand:1b,clicker:1,CustomModelData:4001}","conditions": [{"condition": "minecraft:entity_scores","entity": "this","scores": {"fw.id": 4}}]},
  {"function": "minecraft:set_name","name": {"text": "Zeus' Lightning Bolt","color": "blue","italic": false},
  "conditions": [{"condition": "minecraft:entity_scores","entity": "this","scores": {"fw.id": 4}}]},

  {"function": "minecraft:set_nbt","tag": "{selected:1b,offhand:1b,clicker:1,CustomModelData:5001}","conditions": [{"condition": "minecraft:entity_scores","entity": "this","scores": {"fw.id": 5}}]},
  {"function": "minecraft:set_name","name": {"text": "Cosmic Girl","color": "blue","italic": false},
  "conditions": [{"condition": "minecraft:entity_scores","entity": "this","scores": {"fw.id": 5}}]},

  {"function": "minecraft:set_nbt","tag": "{selected:1b,offhand:1b,clicker:1,CustomModelData:6001}","conditions": [{"condition": "minecraft:entity_scores","entity": "this","scores": {"fw.id": 6}}]},
  {"function": "minecraft:set_name","name": {"text": "Space Cowboy","color": "blue","italic": false},
  "conditions": [{"condition": "minecraft:entity_scores","entity": "this","scores": {"fw.id": 6}}]},

  {"function": "minecraft:set_nbt","tag": "{selected:1b,offhand:1b,clicker:1,CustomModelData:7001}","conditions": [{"condition": "minecraft:entity_scores","entity": "this","scores": {"fw.id": 7}}]},
  {"function": "minecraft:set_name","name": {"text": "Doctor's Repellant","color": "blue","italic": false},
  "conditions": [{"condition": "minecraft:entity_scores","entity": "this","scores": {"fw.id": 7}}]},

  {"function": "minecraft:set_nbt","tag": "{selected:1b,offhand:1b,clicker:1,CustomModelData:8001}","conditions": [{"condition": "minecraft:entity_scores","entity": "this","scores": {"fw.id": 8}}]},
  {"function": "minecraft:set_name","name": {"text": "Starman","color": "blue","italic": false},
  "conditions": [{"condition": "minecraft:entity_scores","entity": "this","scores": {"fw.id": 8}}]},

  {"function": "minecraft:set_nbt","tag": "{selected:1b,offhand:1b,clicker:1,CustomModelData:9001}","conditions": [{"condition": "minecraft:entity_scores","entity": "this","scores": {"fw.id": 9}}]},
  {"function": "minecraft:set_name","name": {"text": "Cities in Dust","color": "blue","italic": false},
  "conditions": [{"condition": "minecraft:entity_scores","entity": "this","scores": {"fw.id": 9}}]},

  
  {"function": "minecraft:set_nbt","tag": "{selected:1b,offhand:1b,clicker:1,CustomModelData:10001}","conditions": [{"condition": "minecraft:entity_scores","entity": "this","scores": {"fw.id": 10}}]},
  {"function": "minecraft:set_name","name": {"text": "Gemini","color": "blue","italic": false},
  "conditions": [{"condition": "minecraft:entity_scores","entity": "this","scores": {"fw.id": 10}}]},

  {"function": "minecraft:set_nbt","tag": "{selected:1b,offhand:1b,clicker:1,CustomModelData:11001}","conditions": [{"condition": "minecraft:entity_scores","entity": "this","scores": {"fw.id": 11}}]},
  {"function": "minecraft:set_name","name": {"text": "Poison","color": "blue","italic": false},
  "conditions": [{"condition": "minecraft:entity_scores","entity": "this","scores": {"fw.id": 11}}]},

  {"function": "minecraft:set_nbt","tag": "{selected:1b,offhand:1b,clicker:1,CustomModelData:12001}","conditions": [{"condition": "minecraft:entity_scores","entity": "this","scores": {"fw.id": 12}}]},
  {"function": "minecraft:set_name","name": {"text": "Bumblebee","color": "blue","italic": false},
  "conditions": [{"condition": "minecraft:entity_scores","entity": "this","scores": {"fw.id": 12}}]},

  {"function": "minecraft:set_nbt","tag": "{selected:1b,offhand:1b,clicker:1,CustomModelData:13001}","conditions": [{"condition": "minecraft:entity_scores","entity": "this","scores": {"fw.id": 13}}]},
  {"function": "minecraft:set_name","name": {"text": "Chérie","color": "blue","italic": false},
  "conditions": [{"condition": "minecraft:entity_scores","entity": "this","scores": {"fw.id": 13}}]},

  {"function": "minecraft:set_nbt","tag": "{selected:1b,offhand:1b,clicker:1,CustomModelData:14001}","conditions": [{"condition": "minecraft:entity_scores","entity": "this","scores": {"fw.id": 14}}]},
  {"function": "minecraft:set_name","name": {"text": "Aerial","color": "blue","italic": false},
  "conditions": [{"condition": "minecraft:entity_scores","entity": "this","scores": {"fw.id": 14}}]},
  
  {"function": "minecraft:set_nbt","tag": "{selected:1b,offhand:1b,clicker:1,CustomModelData:15001}","conditions": [{"condition": "minecraft:entity_scores","entity": "this","scores": {"fw.id": 15}}]},
  {"function": "minecraft:set_name","name": {"text": "Savage","color": "blue","italic": false},
  "conditions": [{"condition": "minecraft:entity_scores","entity": "this","scores": {"fw.id": 15}}]},

  {"function": "minecraft:set_nbt","tag": "{selected:1b,offhand:1b,clicker:1,CustomModelData:16001}","conditions": [{"condition": "minecraft:entity_scores","entity": "this","scores": {"fw.id": 16}}]},
  {"function": "minecraft:set_name","name": {"text": "Disco Inferno","color": "blue","italic": false},
  "conditions": [{"condition": "minecraft:entity_scores","entity": "this","scores": {"fw.id": 16}}]},

  {"function": "minecraft:set_nbt","tag": "{selected:1b,offhand:1b,clicker:1,CustomModelData:17001}","conditions": [{"condition": "minecraft:entity_scores","entity": "this","scores": {"fw.id": 17}}]},
  {"function": "minecraft:set_name","name": {"text": "Baseball Bat","color": "blue","italic": false},
  "conditions": [{"condition": "minecraft:entity_scores","entity": "this","scores": {"fw.id": 17}}]},

  {"function": "minecraft:set_nbt","tag": "{selected:1b,offhand:1b,clicker:1,CustomModelData:18001}","conditions": [{"condition": "minecraft:entity_scores","entity": "this","scores": {"fw.id": 18}}]},
  {"function": "minecraft:set_name","name": {"text": "Chainsaw","color": "blue","italic": false},
  "conditions": [{"condition": "minecraft:entity_scores","entity": "this","scores": {"fw.id": 18}}]}
]
