[
    {"function": "minecraft:set_nbt","tag": "{CustomModelData:1721}","conditions": [{"condition": "minecraft:entity_scores","entity": "this","scores": { "fwg.ads" : 5}}]},
    {"function": "minecraft:set_nbt","tag": "{CustomModelData:1722}","conditions": [{"condition": "minecraft:entity_scores","entity": "this","scores": { "fwg.ads" : 4}}]},
    {"function": "minecraft:set_nbt","tag": "{CustomModelData:1723}","conditions": [{"condition": "minecraft:entity_scores","entity": "this","scores": { "fwg.ads" : 3}}]},
    {"function": "minecraft:set_nbt","tag": "{CustomModelData:1724}","conditions": [{"condition": "minecraft:entity_scores","entity": "this","scores": { "fwg.ads" : 2}}]},
    {"function": "minecraft:set_nbt","tag": "{CustomModelData:1725}","conditions": [{"condition": "minecraft:entity_scores","entity": "this","scores": { "fwg.ads" : 1}}]}
  ]
  