[
  {"function": "minecraft:set_nbt","tag": "{CustomModelData:1101}","conditions": [{"condition": "minecraft:entity_scores","entity": "this","scores": { "fwg.draw" : 25}}]},
  {"function": "minecraft:set_nbt","tag": "{CustomModelData:1102}","conditions": [{"condition": "minecraft:entity_scores","entity": "this","scores": { "fwg.draw" : 23}}]},
  {"function": "minecraft:set_nbt","tag": "{CustomModelData:1103}","conditions": [{"condition": "minecraft:entity_scores","entity": "this","scores": { "fwg.draw" : 22}}]},
  {"function": "minecraft:set_nbt","tag": "{CustomModelData:1104}","conditions": [{"condition": "minecraft:entity_scores","entity": "this","scores": { "fwg.draw" : 21}}]},
  {"function": "minecraft:set_nbt","tag": "{CustomModelData:1105}","conditions": [{"condition": "minecraft:entity_scores","entity": "this","scores": { "fwg.draw" : 20}}]},

  {"function": "minecraft:set_nbt","tag": "{CustomModelData:1106}","conditions": [{"condition": "minecraft:entity_scores","entity": "this","scores": { "fwg.draw" : 18}}]},
  {"function": "minecraft:set_nbt","tag": "{CustomModelData:1107}","conditions": [{"condition": "minecraft:entity_scores","entity": "this","scores": { "fwg.draw" : 16}}]},
  
  {"function": "minecraft:set_nbt","tag": "{CustomModelData:1108}","conditions": [{"condition": "minecraft:entity_scores","entity": "this","scores": { "fwg.draw" : 14}}]},
  {"function": "minecraft:set_nbt","tag": "{CustomModelData:1109}","conditions": [{"condition": "minecraft:entity_scores","entity": "this","scores": { "fwg.draw" : 12}}]},
  {"function": "minecraft:set_nbt","tag": "{CustomModelData:1110}","conditions": [{"condition": "minecraft:entity_scores","entity": "this","scores": { "fwg.draw" : 10}}]},
  {"function": "minecraft:set_nbt","tag": "{CustomModelData:1111}","conditions": [{"condition": "minecraft:entity_scores","entity": "this","scores": { "fwg.draw" : 8}}]},

  {"function": "minecraft:set_nbt","tag": "{CustomModelData:1001}","conditions": [{"condition": "minecraft:entity_scores","entity": "this","scores": { "fwg.draw" : 6}}]}
]
