[
  {"function": "minecraft:set_nbt","tag": "{CustomModelData:3401}","conditions": [{"condition": "minecraft:entity_scores","entity": "this","scores": { "fwg.reload" : 80}}]},
  {"function": "minecraft:set_nbt","tag": "{CustomModelData:3402}","conditions": [{"condition": "minecraft:entity_scores","entity": "this","scores": { "fwg.reload" : 88}}]},
  {"function": "minecraft:set_nbt","tag": "{CustomModelData:3403}","conditions": [{"condition": "minecraft:entity_scores","entity": "this","scores": { "fwg.reload" : 86}}]},
  {"function": "minecraft:set_nbt","tag": "{CustomModelData:3404}","conditions": [{"condition": "minecraft:entity_scores","entity": "this","scores": { "fwg.reload" : 84}}]},
  {"function": "minecraft:set_nbt","tag": "{CustomModelData:3405}","conditions": [{"condition": "minecraft:entity_scores","entity": "this","scores": { "fwg.reload" : 82}}]},
  {"function": "minecraft:set_nbt","tag": "{CustomModelData:3406}","conditions": [{"condition": "minecraft:entity_scores","entity": "this","scores": { "fwg.reload" : 80}}]},
  {"function": "minecraft:set_nbt","tag": "{CustomModelData:3407}","conditions": [{"condition": "minecraft:entity_scores","entity": "this","scores": { "fwg.reload" : 78}}]},

  {"function": "minecraft:set_nbt","tag": "{CustomModelData:3408}","conditions": [{"condition": "minecraft:entity_scores","entity": "this","scores": { "fwg.reload" : 74}}]},
  {"function": "minecraft:set_nbt","tag": "{CustomModelData:3409}","conditions": [{"condition": "minecraft:entity_scores","entity": "this","scores": { "fwg.reload" : 72}}]},
  {"function": "minecraft:set_nbt","tag": "{CustomModelData:3410}","conditions": [{"condition": "minecraft:entity_scores","entity": "this","scores": { "fwg.reload" : 70}}]},

  {"function": "minecraft:set_nbt","tag": "{CustomModelData:3411}","conditions": [{"condition": "minecraft:entity_scores","entity": "this","scores": { "fwg.reload" : 66}}]},
  {"function": "minecraft:set_nbt","tag": "{CustomModelData:3412}","conditions": [{"condition": "minecraft:entity_scores","entity": "this","scores": { "fwg.reload" : 65}}]},

  {"function": "minecraft:set_nbt","tag": "{CustomModelData:3413}","conditions": [{"condition": "minecraft:entity_scores","entity": "this","scores": { "fwg.reload" : 63}}]},
  {"function": "minecraft:set_nbt","tag": "{CustomModelData:3414}","conditions": [{"condition": "minecraft:entity_scores","entity": "this","scores": { "fwg.reload" : 61}}]},
  {"function": "minecraft:set_nbt","tag": "{CustomModelData:3415}","conditions": [{"condition": "minecraft:entity_scores","entity": "this","scores": { "fwg.reload" : 59}}]},
  {"function": "minecraft:set_nbt","tag": "{CustomModelData:3416}","conditions": [{"condition": "minecraft:entity_scores","entity": "this","scores": { "fwg.reload" : 57}}]},

  {"function": "minecraft:set_nbt","tag": "{CustomModelData:3417}","conditions": [{"condition": "minecraft:entity_scores","entity": "this","scores": { "fwg.reload" : 53}}]},
  {"function": "minecraft:set_nbt","tag": "{CustomModelData:3418}","conditions": [{"condition": "minecraft:entity_scores","entity": "this","scores": { "fwg.reload" : 52}}]},

  {"function": "minecraft:set_nbt","tag": "{CustomModelData:3419}","conditions": [{"condition": "minecraft:entity_scores","entity": "this","scores": { "fwg.reload" : 50}}]},
  {"function": "minecraft:set_nbt","tag": "{CustomModelData:3420}","conditions": [{"condition": "minecraft:entity_scores","entity": "this","scores": { "fwg.reload" : 49}}]},
  {"function": "minecraft:set_nbt","tag": "{CustomModelData:3421}","conditions": [{"condition": "minecraft:entity_scores","entity": "this","scores": { "fwg.reload" : 47}}]},

  {"function": "minecraft:set_nbt","tag": "{CustomModelData:3422}","conditions": [{"condition": "minecraft:entity_scores","entity": "this","scores": { "fwg.reload" : 43}}]},
  {"function": "minecraft:set_nbt","tag": "{CustomModelData:3423}","conditions": [{"condition": "minecraft:entity_scores","entity": "this","scores": { "fwg.reload" : 41}}]},
  {"function": "minecraft:set_nbt","tag": "{CustomModelData:3424}","conditions": [{"condition": "minecraft:entity_scores","entity": "this","scores": { "fwg.reload" : 39}}]},
  {"function": "minecraft:set_nbt","tag": "{CustomModelData:3425}","conditions": [{"condition": "minecraft:entity_scores","entity": "this","scores": { "fwg.reload" : 37}}]},

  {"function": "minecraft:set_nbt","tag": "{CustomModelData:3426}","conditions": [{"condition": "minecraft:entity_scores","entity": "this","scores": { "fwg.reload" : 33}}]},
  {"function": "minecraft:set_nbt","tag": "{CustomModelData:3427}","conditions": [{"condition": "minecraft:entity_scores","entity": "this","scores": { "fwg.reload" : 30}}]},
  {"function": "minecraft:set_nbt","tag": "{CustomModelData:3428}","conditions": [{"condition": "minecraft:entity_scores","entity": "this","scores": { "fwg.reload" : 28}}]},
  {"function": "minecraft:set_nbt","tag": "{CustomModelData:3429}","conditions": [{"condition": "minecraft:entity_scores","entity": "this","scores": { "fwg.reload" : 26}}]},

  {"function": "minecraft:set_nbt","tag": "{CustomModelData:3430}","conditions": [{"condition": "minecraft:entity_scores","entity": "this","scores": { "fwg.reload" : 22}}]},
  {"function": "minecraft:set_nbt","tag": "{CustomModelData:3431}","conditions": [{"condition": "minecraft:entity_scores","entity": "this","scores": { "fwg.reload" : 20}}]},
  {"function": "minecraft:set_nbt","tag": "{CustomModelData:3432}","conditions": [{"condition": "minecraft:entity_scores","entity": "this","scores": { "fwg.reload" : 18}}]},
  {"function": "minecraft:set_nbt","tag": "{CustomModelData:3433}","conditions": [{"condition": "minecraft:entity_scores","entity": "this","scores": { "fwg.reload" : 16}}]},
  {"function": "minecraft:set_nbt","tag": "{CustomModelData:3434}","conditions": [{"condition": "minecraft:entity_scores","entity": "this","scores": { "fwg.reload" : 14}}]},
  {"function": "minecraft:set_nbt","tag": "{CustomModelData:3435}","conditions": [{"condition": "minecraft:entity_scores","entity": "this","scores": { "fwg.reload" : 12}}]},
  {"function": "minecraft:set_nbt","tag": "{CustomModelData:3436}","conditions": [{"condition": "minecraft:entity_scores","entity": "this","scores": { "fwg.reload" : 10}}]},
  {"function": "minecraft:set_nbt","tag": "{CustomModelData:3437}","conditions": [{"condition": "minecraft:entity_scores","entity": "this","scores": { "fwg.reload" : 8}}]},
  {"function": "minecraft:set_nbt","tag": "{CustomModelData:3438}","conditions": [{"condition": "minecraft:entity_scores","entity": "this","scores": { "fwg.reload" : 6}}]},
  {"function": "minecraft:set_nbt","tag": "{CustomModelData:3001}","conditions": [{"condition": "minecraft:entity_scores","entity": "this","scores": { "fwg.reload" : 4}}]}
]