[
  {"function": "minecraft:set_nbt","tag": "{CustomModelData:3301}","conditions": [{"condition": "minecraft:entity_scores","entity": "this","scores": { "fwg.cooldown" : 20}}]},
  {"function": "minecraft:set_nbt","tag": "{CustomModelData:3302}","conditions": [{"condition": "minecraft:entity_scores","entity": "this","scores": { "fwg.cooldown" : 19}}]},
  {"function": "minecraft:set_nbt","tag": "{CustomModelData:3303}","conditions": [{"condition": "minecraft:entity_scores","entity": "this","scores": { "fwg.cooldown" : 17}}]},
  {"function": "minecraft:set_nbt","tag": "{CustomModelData:3304}","conditions": [{"condition": "minecraft:entity_scores","entity": "this","scores": { "fwg.cooldown" : 14}}]},
  {"function": "minecraft:set_nbt","tag": "{CustomModelData:3305}","conditions": [{"condition": "minecraft:entity_scores","entity": "this","scores": { "fwg.cooldown" : 11}}]},

  {"function": "minecraft:set_nbt","tag": "{CustomModelData:3306}","conditions": [{"condition": "minecraft:entity_scores","entity": "this","scores": { "fwg.cooldown" : 8}}]},
  {"function": "minecraft:set_nbt","tag": "{CustomModelData:3307}","conditions": [{"condition": "minecraft:entity_scores","entity": "this","scores": { "fwg.cooldown" : 5}}]},
  {"function": "minecraft:set_nbt","tag": "{CustomModelData:3308}","conditions": [{"condition": "minecraft:entity_scores","entity": "this","scores": { "fwg.cooldown" : 3}}]},
  {"function": "minecraft:set_nbt","tag": "{CustomModelData:3002}","conditions": [{"condition": "minecraft:entity_scores","entity": "this","scores": { "fwg.cooldown" : 1}}]}
]
