[
    {"function": "minecraft:set_nbt","tag": "{CustomModelData:3301}","conditions": [{"condition": "minecraft:entity_scores","entity": "this","scores": { "fwg.reload" : 80}}]},
    {"function": "minecraft:set_nbt","tag": "{CustomModelData:3302}","conditions": [{"condition": "minecraft:entity_scores","entity": "this","scores": { "fwg.reload" : 79}}]},
    {"function": "minecraft:set_nbt","tag": "{CustomModelData:3303}","conditions": [{"condition": "minecraft:entity_scores","entity": "this","scores": { "fwg.reload" : 78}}]},

    {"function": "minecraft:set_nbt","tag": "{CustomModelData:3304}","conditions": [{"condition": "minecraft:entity_scores","entity": "this","scores": { "fwg.reload" : 76}}]},
    {"function": "minecraft:set_nbt","tag": "{CustomModelData:3305}","conditions": [{"condition": "minecraft:entity_scores","entity": "this","scores": { "fwg.reload" : 75}}]},
    {"function": "minecraft:set_nbt","tag": "{CustomModelData:3306}","conditions": [{"condition": "minecraft:entity_scores","entity": "this","scores": { "fwg.reload" : 74}}]},
    {"function": "minecraft:set_nbt","tag": "{CustomModelData:3307}","conditions": [{"condition": "minecraft:entity_scores","entity": "this","scores": { "fwg.reload" : 73}}]},
    {"function": "minecraft:set_nbt","tag": "{CustomModelData:3308}","conditions": [{"condition": "minecraft:entity_scores","entity": "this","scores": { "fwg.reload" : 71}}]},
    {"function": "minecraft:set_nbt","tag": "{CustomModelData:3309}","conditions": [{"condition": "minecraft:entity_scores","entity": "this","scores": { "fwg.reload" : 69}}]},

    {"function": "minecraft:set_nbt","tag": "{CustomModelData:3310}","conditions": [{"condition": "minecraft:entity_scores","entity": "this","scores": { "fwg.reload" : 64}}]},
    {"function": "minecraft:set_nbt","tag": "{CustomModelData:3311}","conditions": [{"condition": "minecraft:entity_scores","entity": "this","scores": { "fwg.reload" : 63}}]},
    {"function": "minecraft:set_nbt","tag": "{CustomModelData:3312}","conditions": [{"condition": "minecraft:entity_scores","entity": "this","scores": { "fwg.reload" : 61}}]},

    {"function": "minecraft:set_nbt","tag": "{CustomModelData:3313}","conditions": [{"condition": "minecraft:entity_scores","entity": "this","scores": { "fwg.reload" : 59}}]},
    {"function": "minecraft:set_nbt","tag": "{CustomModelData:3314}","conditions": [{"condition": "minecraft:entity_scores","entity": "this","scores": { "fwg.reload" : 58}}]},
    {"function": "minecraft:set_nbt","tag": "{CustomModelData:3315}","conditions": [{"condition": "minecraft:entity_scores","entity": "this","scores": { "fwg.reload" : 56}}]},

    {"function": "minecraft:set_nbt","tag": "{CustomModelData:3316}","conditions": [{"condition": "minecraft:entity_scores","entity": "this","scores": { "fwg.reload" : 53}}]},
    {"function": "minecraft:set_nbt","tag": "{CustomModelData:3317}","conditions": [{"condition": "minecraft:entity_scores","entity": "this","scores": { "fwg.reload" : 51}}]},
    {"function": "minecraft:set_nbt","tag": "{CustomModelData:3318}","conditions": [{"condition": "minecraft:entity_scores","entity": "this","scores": { "fwg.reload" : 49}}]},
    {"function": "minecraft:set_nbt","tag": "{CustomModelData:3319}","conditions": [{"condition": "minecraft:entity_scores","entity": "this","scores": { "fwg.reload" : 47}}]},
    {"function": "minecraft:set_nbt","tag": "{CustomModelData:3320}","conditions": [{"condition": "minecraft:entity_scores","entity": "this","scores": { "fwg.reload" : 45}}]},
    {"function": "minecraft:set_nbt","tag": "{CustomModelData:3321}","conditions": [{"condition": "minecraft:entity_scores","entity": "this","scores": { "fwg.reload" : 43}}]},
    {"function": "minecraft:set_nbt","tag": "{CustomModelData:3322}","conditions": [{"condition": "minecraft:entity_scores","entity": "this","scores": { "fwg.reload" : 41}}]},

    {"function": "minecraft:set_nbt","tag": "{CustomModelData:3323}","conditions": [{"condition": "minecraft:entity_scores","entity": "this","scores": { "fwg.reload" : 38}}]},
    {"function": "minecraft:set_nbt","tag": "{CustomModelData:3324}","conditions": [{"condition": "minecraft:entity_scores","entity": "this","scores": { "fwg.reload" : 37}}]},
    {"function": "minecraft:set_nbt","tag": "{CustomModelData:3325}","conditions": [{"condition": "minecraft:entity_scores","entity": "this","scores": { "fwg.reload" : 36}}]},
    {"function": "minecraft:set_nbt","tag": "{CustomModelData:3326}","conditions": [{"condition": "minecraft:entity_scores","entity": "this","scores": { "fwg.reload" : 34}}]},

    {"function": "minecraft:set_nbt","tag": "{CustomModelData:3327}","conditions": [{"condition": "minecraft:entity_scores","entity": "this","scores": { "fwg.reload" : 30}}]},
    {"function": "minecraft:set_nbt","tag": "{CustomModelData:3328}","conditions": [{"condition": "minecraft:entity_scores","entity": "this","scores": { "fwg.reload" : 29}}]},
    {"function": "minecraft:set_nbt","tag": "{CustomModelData:3329}","conditions": [{"condition": "minecraft:entity_scores","entity": "this","scores": { "fwg.reload" : 27}}]},

    {"function": "minecraft:set_nbt","tag": "{CustomModelData:3330}","conditions": [{"condition": "minecraft:entity_scores","entity": "this","scores": { "fwg.reload" : 25}}]},
    {"function": "minecraft:set_nbt","tag": "{CustomModelData:3331}","conditions": [{"condition": "minecraft:entity_scores","entity": "this","scores": { "fwg.reload" : 24}}]},

    {"function": "minecraft:set_nbt","tag": "{CustomModelData:3332}","conditions": [{"condition": "minecraft:entity_scores","entity": "this","scores": { "fwg.reload" : 22}}]},
    {"function": "minecraft:set_nbt","tag": "{CustomModelData:3333}","conditions": [{"condition": "minecraft:entity_scores","entity": "this","scores": { "fwg.reload" : 21}}]},
    {"function": "minecraft:set_nbt","tag": "{CustomModelData:3334}","conditions": [{"condition": "minecraft:entity_scores","entity": "this","scores": { "fwg.reload" : 20}}]},
    {"function": "minecraft:set_nbt","tag": "{CustomModelData:3335}","conditions": [{"condition": "minecraft:entity_scores","entity": "this","scores": { "fwg.reload" : 18}}]},

    {"function": "minecraft:set_nbt","tag": "{CustomModelData:3336}","conditions": [{"condition": "minecraft:entity_scores","entity": "this","scores": { "fwg.reload" : 14}}]},
    {"function": "minecraft:set_nbt","tag": "{CustomModelData:3337}","conditions": [{"condition": "minecraft:entity_scores","entity": "this","scores": { "fwg.reload" : 13}}]},
    {"function": "minecraft:set_nbt","tag": "{CustomModelData:3338}","conditions": [{"condition": "minecraft:entity_scores","entity": "this","scores": { "fwg.reload" : 12}}]},
    {"function": "minecraft:set_nbt","tag": "{CustomModelData:3339}","conditions": [{"condition": "minecraft:entity_scores","entity": "this","scores": { "fwg.reload" : 10}}]},
    {"function": "minecraft:set_nbt","tag": "{CustomModelData:3340}","conditions": [{"condition": "minecraft:entity_scores","entity": "this","scores": { "fwg.reload" : 8}}]},
    {"function": "minecraft:set_nbt","tag": "{CustomModelData:3341}","conditions": [{"condition": "minecraft:entity_scores","entity": "this","scores": { "fwg.reload" : 6}}]},
    {"function": "minecraft:set_nbt","tag": "{CustomModelData:3001}","conditions": [{"condition": "minecraft:entity_scores","entity": "this","scores": { "fwg.reload" : 4}}]}
    
  ]
  