[
    {"function": "minecraft:set_nbt","tag": "{CustomModelData:2201}","conditions": [{"condition": "minecraft:entity_scores","entity": "this","scores": { "fwg.cooldown" : 19, "fwg.rng": 1}}]},
    {"function": "minecraft:set_nbt","tag": "{CustomModelData:2301}","conditions": [{"condition": "minecraft:entity_scores","entity": "this","scores": { "fwg.cooldown" : 18, "fwg.rng": 1}}]},
    {"function": "minecraft:set_nbt","tag": "{CustomModelData:2302}","conditions": [{"condition": "minecraft:entity_scores","entity": "this","scores": { "fwg.cooldown" : 17, "fwg.rng": 1}}]},
    {"function": "minecraft:set_nbt","tag": "{CustomModelData:2303}","conditions": [{"condition": "minecraft:entity_scores","entity": "this","scores": { "fwg.cooldown" : 16, "fwg.rng": 1}}]},
    {"function": "minecraft:set_nbt","tag": "{CustomModelData:2304}","conditions": [{"condition": "minecraft:entity_scores","entity": "this","scores": { "fwg.cooldown" : 15, "fwg.rng": 1}}]},

    {"function": "minecraft:set_nbt","tag": "{CustomModelData:2202}","conditions": [{"condition": "minecraft:entity_scores","entity": "this","scores": { "fwg.cooldown" : 12, "fwg.rng": 1}}]},
    {"function": "minecraft:set_nbt","tag": "{CustomModelData:2203}","conditions": [{"condition": "minecraft:entity_scores","entity": "this","scores": { "fwg.cooldown" : 11, "fwg.rng": 1}}]},
    {"function": "minecraft:set_nbt","tag": "{CustomModelData:2204}","conditions": [{"condition": "minecraft:entity_scores","entity": "this","scores": { "fwg.cooldown" : 10, "fwg.rng": 1}}]},
    {"function": "minecraft:set_nbt","tag": "{CustomModelData:2205}","conditions": [{"condition": "minecraft:entity_scores","entity": "this","scores": { "fwg.cooldown" : 8, "fwg.rng": 1}}]},
    {"function": "minecraft:set_nbt","tag": "{CustomModelData:2206}","conditions": [{"condition": "minecraft:entity_scores","entity": "this","scores": { "fwg.cooldown" : 7, "fwg.rng": 1}}]},
    {"function": "minecraft:set_nbt","tag": "{CustomModelData:2207}","conditions": [{"condition": "minecraft:entity_scores","entity": "this","scores": { "fwg.cooldown" : 6, "fwg.rng": 1}}]},
    {"function": "minecraft:set_nbt","tag": "{CustomModelData:2208}","conditions": [{"condition": "minecraft:entity_scores","entity": "this","scores": { "fwg.cooldown" : 5, "fwg.rng": 1}}]},
    {"function": "minecraft:set_nbt","tag": "{CustomModelData:2209}","conditions": [{"condition": "minecraft:entity_scores","entity": "this","scores": { "fwg.cooldown" : 3, "fwg.rng": 1}}]},
    {"function": "minecraft:set_nbt","tag": "{CustomModelData:2001}","conditions": [{"condition": "minecraft:entity_scores","entity": "this","scores": { "fwg.cooldown" : 1, "fwg.rng": 1}}]},

    {"function": "minecraft:set_nbt","tag": "{CustomModelData:2211}","conditions": [{"condition": "minecraft:entity_scores","entity": "this","scores": { "fwg.cooldown" : 19, "fwg.rng": 2}}]},
    {"function": "minecraft:set_nbt","tag": "{CustomModelData:2311}","conditions": [{"condition": "minecraft:entity_scores","entity": "this","scores": { "fwg.cooldown" : 18, "fwg.rng": 2}}]},
    {"function": "minecraft:set_nbt","tag": "{CustomModelData:2312}","conditions": [{"condition": "minecraft:entity_scores","entity": "this","scores": { "fwg.cooldown" : 17, "fwg.rng": 2}}]},
    {"function": "minecraft:set_nbt","tag": "{CustomModelData:2313}","conditions": [{"condition": "minecraft:entity_scores","entity": "this","scores": { "fwg.cooldown" : 16, "fwg.rng": 2}}]},
    {"function": "minecraft:set_nbt","tag": "{CustomModelData:2314}","conditions": [{"condition": "minecraft:entity_scores","entity": "this","scores": { "fwg.cooldown" : 15, "fwg.rng": 2}}]},

    {"function": "minecraft:set_nbt","tag": "{CustomModelData:2212}","conditions": [{"condition": "minecraft:entity_scores","entity": "this","scores": { "fwg.cooldown" : 12, "fwg.rng": 2}}]},
    {"function": "minecraft:set_nbt","tag": "{CustomModelData:2213}","conditions": [{"condition": "minecraft:entity_scores","entity": "this","scores": { "fwg.cooldown" : 11, "fwg.rng": 2}}]},
    {"function": "minecraft:set_nbt","tag": "{CustomModelData:2214}","conditions": [{"condition": "minecraft:entity_scores","entity": "this","scores": { "fwg.cooldown" : 10, "fwg.rng": 2}}]},
    {"function": "minecraft:set_nbt","tag": "{CustomModelData:2215}","conditions": [{"condition": "minecraft:entity_scores","entity": "this","scores": { "fwg.cooldown" : 8, "fwg.rng": 2}}]},
    {"function": "minecraft:set_nbt","tag": "{CustomModelData:2216}","conditions": [{"condition": "minecraft:entity_scores","entity": "this","scores": { "fwg.cooldown" : 7, "fwg.rng": 2}}]},
    {"function": "minecraft:set_nbt","tag": "{CustomModelData:2217}","conditions": [{"condition": "minecraft:entity_scores","entity": "this","scores": { "fwg.cooldown" : 6, "fwg.rng": 2}}]},
    {"function": "minecraft:set_nbt","tag": "{CustomModelData:2218}","conditions": [{"condition": "minecraft:entity_scores","entity": "this","scores": { "fwg.cooldown" : 5, "fwg.rng": 2}}]},
    {"function": "minecraft:set_nbt","tag": "{CustomModelData:2219}","conditions": [{"condition": "minecraft:entity_scores","entity": "this","scores": { "fwg.cooldown" : 3, "fwg.rng": 2}}]},
    {"function": "minecraft:set_nbt","tag": "{CustomModelData:2001}","conditions": [{"condition": "minecraft:entity_scores","entity": "this","scores": { "fwg.cooldown" : 1, "fwg.rng": 2}}]},

    {"function": "minecraft:set_nbt","tag": "{CustomModelData:2401}","conditions": [{"condition": "minecraft:entity_scores","entity": "this","scores": { "fwg.cooldown" : 19, "fwg.rng": 3}}]},
    {"function": "minecraft:set_nbt","tag": "{CustomModelData:2402}","conditions": [{"condition": "minecraft:entity_scores","entity": "this","scores": { "fwg.cooldown" : 18, "fwg.rng": 3}}]},
    {"function": "minecraft:set_nbt","tag": "{CustomModelData:2403}","conditions": [{"condition": "minecraft:entity_scores","entity": "this","scores": { "fwg.cooldown" : 17, "fwg.rng": 3}}]},
    {"function": "minecraft:set_nbt","tag": "{CustomModelData:2404}","conditions": [{"condition": "minecraft:entity_scores","entity": "this","scores": { "fwg.cooldown" : 16, "fwg.rng": 3}}]},
    {"function": "minecraft:set_nbt","tag": "{CustomModelData:2405}","conditions": [{"condition": "minecraft:entity_scores","entity": "this","scores": { "fwg.cooldown" : 15, "fwg.rng": 3}}]},

    {"function": "minecraft:set_nbt","tag": "{CustomModelData:2406}","conditions": [{"condition": "minecraft:entity_scores","entity": "this","scores": { "fwg.cooldown" : 12, "fwg.rng": 3}}]},
    {"function": "minecraft:set_nbt","tag": "{CustomModelData:2407}","conditions": [{"condition": "minecraft:entity_scores","entity": "this","scores": { "fwg.cooldown" : 11, "fwg.rng": 3}}]},
    {"function": "minecraft:set_nbt","tag": "{CustomModelData:2408}","conditions": [{"condition": "minecraft:entity_scores","entity": "this","scores": { "fwg.cooldown" : 10, "fwg.rng": 3}}]},
    {"function": "minecraft:set_nbt","tag": "{CustomModelData:2409}","conditions": [{"condition": "minecraft:entity_scores","entity": "this","scores": { "fwg.cooldown" : 9, "fwg.rng": 3}}]},
    {"function": "minecraft:set_nbt","tag": "{CustomModelData:2410}","conditions": [{"condition": "minecraft:entity_scores","entity": "this","scores": { "fwg.cooldown" : 8, "fwg.rng": 3}}]},
    {"function": "minecraft:set_nbt","tag": "{CustomModelData:2411}","conditions": [{"condition": "minecraft:entity_scores","entity": "this","scores": { "fwg.cooldown" : 6, "fwg.rng": 3}}]},
    {"function": "minecraft:set_nbt","tag": "{CustomModelData:2001}","conditions": [{"condition": "minecraft:entity_scores","entity": "this","scores": { "fwg.cooldown" : 4, "fwg.rng": 3}}]}
  ]
  