[
    {"function": "minecraft:set_nbt","tag": "{CustomModelData:5101}","conditions": [{"condition": "minecraft:entity_scores","entity": "this","scores": { "fwg.draw" : 12}}]},
    {"function": "minecraft:set_nbt","tag": "{CustomModelData:5102}","conditions": [{"condition": "minecraft:entity_scores","entity": "this","scores": { "fwg.draw" : 10}}]},
    {"function": "minecraft:set_nbt","tag": "{CustomModelData:5103}","conditions": [{"condition": "minecraft:entity_scores","entity": "this","scores": { "fwg.draw" : 8}}]},
    {"function": "minecraft:set_nbt","tag": "{CustomModelData:5104}","conditions": [{"condition": "minecraft:entity_scores","entity": "this","scores": { "fwg.draw" : 6}}]},
    {"function": "minecraft:set_nbt","tag": "{CustomModelData:5105}","conditions": [{"condition": "minecraft:entity_scores","entity": "this","scores": { "fwg.draw" : 4}}]},
    {"function": "minecraft:set_nbt","tag": "{CustomModelData:5106}","conditions": [{"condition": "minecraft:entity_scores","entity": "this","scores": { "fwg.draw" : 2}}]},
    {"function": "minecraft:set_nbt","tag": "{CustomModelData:5001}","conditions": [{"condition": "minecraft:entity_scores","entity": "this","scores": { "fwg.draw" : 1}}]}
  ]
  