[
  {"function": "minecraft:set_nbt","tag": "{CustomModelData:6113}","conditions": [{"condition": "minecraft:entity_scores","entity": "this","scores": { "fwg.draw" : 25}}]},
  {"function": "minecraft:set_nbt","tag": "{CustomModelData:6114}","conditions": [{"condition": "minecraft:entity_scores","entity": "this","scores": { "fwg.draw" : 23}}]},
  {"function": "minecraft:set_nbt","tag": "{CustomModelData:6115}","conditions": [{"condition": "minecraft:entity_scores","entity": "this","scores": { "fwg.draw" : 22}}]},
  {"function": "minecraft:set_nbt","tag": "{CustomModelData:6116}","conditions": [{"condition": "minecraft:entity_scores","entity": "this","scores": { "fwg.draw" : 21}}]},
  {"function": "minecraft:set_nbt","tag": "{CustomModelData:6117}","conditions": [{"condition": "minecraft:entity_scores","entity": "this","scores": { "fwg.draw" : 20}}]},
  {"function": "minecraft:set_nbt","tag": "{CustomModelData:6118}","conditions": [{"condition": "minecraft:entity_scores","entity": "this","scores": { "fwg.draw" : 19}}]},
  
  {"function": "minecraft:set_nbt","tag": "{CustomModelData:6119}","conditions": [{"condition": "minecraft:entity_scores","entity": "this","scores": { "fwg.draw" : 18}}]},
  {"function": "minecraft:set_nbt","tag": "{CustomModelData:6120}","conditions": [{"condition": "minecraft:entity_scores","entity": "this","scores": { "fwg.draw" : 17}}]},
  {"function": "minecraft:set_nbt","tag": "{CustomModelData:6121}","conditions": [{"condition": "minecraft:entity_scores","entity": "this","scores": { "fwg.draw" : 15}}]},
  {"function": "minecraft:set_nbt","tag": "{CustomModelData:6122}","conditions": [{"condition": "minecraft:entity_scores","entity": "this","scores": { "fwg.draw" : 13}}]},
  {"function": "minecraft:set_nbt","tag": "{CustomModelData:6123}","conditions": [{"condition": "minecraft:entity_scores","entity": "this","scores": { "fwg.draw" : 11}}]},
  {"function": "minecraft:set_nbt","tag": "{CustomModelData:6124}","conditions": [{"condition": "minecraft:entity_scores","entity": "this","scores": { "fwg.draw" : 9}}]},
  {"function": "minecraft:set_nbt","tag": "{CustomModelData:6002}","conditions": [{"condition": "minecraft:entity_scores","entity": "this","scores": { "fwg.draw" : 7}}]}
  ]
  