[
  {"function": "minecraft:set_nbt","tag": "{CustomModelData:6101}","conditions": [{"condition": "minecraft:entity_scores","entity": "this","scores": { "fwg.draw" : 25}}]},
  {"function": "minecraft:set_nbt","tag": "{CustomModelData:6102}","conditions": [{"condition": "minecraft:entity_scores","entity": "this","scores": { "fwg.draw" : 24}}]},
  {"function": "minecraft:set_nbt","tag": "{CustomModelData:6103}","conditions": [{"condition": "minecraft:entity_scores","entity": "this","scores": { "fwg.draw" : 23}}]},
  {"function": "minecraft:set_nbt","tag": "{CustomModelData:6104}","conditions": [{"condition": "minecraft:entity_scores","entity": "this","scores": { "fwg.draw" : 22}}]},
  {"function": "minecraft:set_nbt","tag": "{CustomModelData:6105}","conditions": [{"condition": "minecraft:entity_scores","entity": "this","scores": { "fwg.draw" : 21}}]},
  {"function": "minecraft:set_nbt","tag": "{CustomModelData:6106}","conditions": [{"condition": "minecraft:entity_scores","entity": "this","scores": { "fwg.draw" : 20}}]},
  
  {"function": "minecraft:set_nbt","tag": "{CustomModelData:6107}","conditions": [{"condition": "minecraft:entity_scores","entity": "this","scores": { "fwg.draw" : 19}}]},
  {"function": "minecraft:set_nbt","tag": "{CustomModelData:6108}","conditions": [{"condition": "minecraft:entity_scores","entity": "this","scores": { "fwg.draw" : 17}}]},
  {"function": "minecraft:set_nbt","tag": "{CustomModelData:6109}","conditions": [{"condition": "minecraft:entity_scores","entity": "this","scores": { "fwg.draw" : 15}}]},
  {"function": "minecraft:set_nbt","tag": "{CustomModelData:6110}","conditions": [{"condition": "minecraft:entity_scores","entity": "this","scores": { "fwg.draw" : 13}}]},
  {"function": "minecraft:set_nbt","tag": "{CustomModelData:6111}","conditions": [{"condition": "minecraft:entity_scores","entity": "this","scores": { "fwg.draw" : 11}}]},
  {"function": "minecraft:set_nbt","tag": "{CustomModelData:6112}","conditions": [{"condition": "minecraft:entity_scores","entity": "this","scores": { "fwg.draw" : 9}}]},
  {"function": "minecraft:set_nbt","tag": "{CustomModelData:6001}","conditions": [{"condition": "minecraft:entity_scores","entity": "this","scores": { "fwg.draw" : 7}}]}
  ]
  