[

    {"function": "minecraft:set_nbt","tag": "{CustomModelData:2207}","conditions": [{"condition": "minecraft:entity_scores","entity": "this","scores": { "fwg.burst_tick" : 1, "fwg.cooldown" : 11}}]},

    {"function": "minecraft:set_nbt","tag": "{CustomModelData:2202}","conditions": [{"condition": "minecraft:entity_scores","entity": "this","scores": { "fwg.cooldown" : 9}}]},
    {"function": "minecraft:set_nbt","tag": "{CustomModelData:2203}","conditions": [{"condition": "minecraft:entity_scores","entity": "this","scores": { "fwg.cooldown" : 8}}]},
    {"function": "minecraft:set_nbt","tag": "{CustomModelData:2204}","conditions": [{"condition": "minecraft:entity_scores","entity": "this","scores": { "fwg.cooldown" : 7}}]},
    {"function": "minecraft:set_nbt","tag": "{CustomModelData:2205}","conditions": [{"condition": "minecraft:entity_scores","entity": "this","scores": { "fwg.cooldown" : 5}}]},
    {"function": "minecraft:set_nbt","tag": "{CustomModelData:2206}","conditions": [{"condition": "minecraft:entity_scores","entity": "this","scores": { "fwg.cooldown" : 3}}]},
    {"function": "minecraft:set_nbt","tag": "{CustomModelData:2001}","conditions": [{"condition": "minecraft:entity_scores","entity": "this","scores": { "fwg.cooldown" : 1}}]}
    
  ]
  