[
    {"function": "minecraft:set_nbt","tag": "{CustomModelData:5301}","conditions": [{"condition": "minecraft:entity_scores","entity": "this","scores": { "fwg.reload" : 40}}]},
    {"function": "minecraft:set_nbt","tag": "{CustomModelData:5302}","conditions": [{"condition": "minecraft:entity_scores","entity": "this","scores": { "fwg.reload" : 38}}]},
    {"function": "minecraft:set_nbt","tag": "{CustomModelData:5303}","conditions": [{"condition": "minecraft:entity_scores","entity": "this","scores": { "fwg.reload" : 36}}]},
    {"function": "minecraft:set_nbt","tag": "{CustomModelData:5304}","conditions": [{"condition": "minecraft:entity_scores","entity": "this","scores": { "fwg.reload" : 34}}]},
    {"function": "minecraft:set_nbt","tag": "{CustomModelData:5306}","conditions": [{"condition": "minecraft:entity_scores","entity": "this","scores": { "fwg.reload" : 33}}]},

    {"function": "minecraft:set_nbt","tag": "{CustomModelData:5307}","conditions": [{"condition": "minecraft:entity_scores","entity": "this","scores": { "fwg.reload" : 29}}]},
    {"function": "minecraft:set_nbt","tag": "{CustomModelData:5308}","conditions": [{"condition": "minecraft:entity_scores","entity": "this","scores": { "fwg.reload" : 28}}]},
    {"function": "minecraft:set_nbt","tag": "{CustomModelData:5309}","conditions": [{"condition": "minecraft:entity_scores","entity": "this","scores": { "fwg.reload" : 27}}]},

    {"function": "minecraft:set_nbt","tag": "{CustomModelData:5310}","conditions": [{"condition": "minecraft:entity_scores","entity": "this","scores": { "fwg.reload" : 25}}]},
    {"function": "minecraft:set_nbt","tag": "{CustomModelData:5311}","conditions": [{"condition": "minecraft:entity_scores","entity": "this","scores": { "fwg.reload" : 24}}]},

    {"function": "minecraft:set_nbt","tag": "{CustomModelData:5312}","conditions": [{"condition": "minecraft:entity_scores","entity": "this","scores": { "fwg.reload" : 21}}]},
    {"function": "minecraft:set_nbt","tag": "{CustomModelData:5313}","conditions": [{"condition": "minecraft:entity_scores","entity": "this","scores": { "fwg.reload" : 20}}]},
    {"function": "minecraft:set_nbt","tag": "{CustomModelData:5314}","conditions": [{"condition": "minecraft:entity_scores","entity": "this","scores": { "fwg.reload" : 19}}]},
    {"function": "minecraft:set_nbt","tag": "{CustomModelData:5315}","conditions": [{"condition": "minecraft:entity_scores","entity": "this","scores": { "fwg.reload" : 17}}]},

    {"function": "minecraft:set_nbt","tag": "{CustomModelData:5316}","conditions": [{"condition": "minecraft:entity_scores","entity": "this","scores": { "fwg.reload" : 15}}]},
    {"function": "minecraft:set_nbt","tag": "{CustomModelData:5317}","conditions": [{"condition": "minecraft:entity_scores","entity": "this","scores": { "fwg.reload" : 13}}]},
    {"function": "minecraft:set_nbt","tag": "{CustomModelData:5318}","conditions": [{"condition": "minecraft:entity_scores","entity": "this","scores": { "fwg.reload" : 11}}]},

    {"function": "minecraft:set_nbt","tag": "{CustomModelData:5319}","conditions": [{"condition": "minecraft:entity_scores","entity": "this","scores": { "fwg.reload" : 9}}]},
    {"function": "minecraft:set_nbt","tag": "{CustomModelData:5320}","conditions": [{"condition": "minecraft:entity_scores","entity": "this","scores": { "fwg.reload" : 8}}]},
    {"function": "minecraft:set_nbt","tag": "{CustomModelData:5321}","conditions": [{"condition": "minecraft:entity_scores","entity": "this","scores": { "fwg.reload" : 7}}]},
    {"function": "minecraft:set_nbt","tag": "{CustomModelData:5322}","conditions": [{"condition": "minecraft:entity_scores","entity": "this","scores": { "fwg.reload" : 5}}]},
    {"function": "minecraft:set_nbt","tag": "{CustomModelData:5323}","conditions": [{"condition": "minecraft:entity_scores","entity": "this","scores": { "fwg.reload" : 3}}]},
    {"function": "minecraft:set_nbt","tag": "{CustomModelData:5001}","conditions": [{"condition": "minecraft:entity_scores","entity": "this","scores": { "fwg.reload" : 1}}]}
    
  ]
  