[
    {"function": "minecraft:set_nbt","tag": "{CustomModelData:2505}","conditions": [{"condition": "minecraft:entity_scores","entity": "this","scores": { "fwg.reload" : 60}}]},
    {"function": "minecraft:set_nbt","tag": "{CustomModelData:2503}","conditions": [{"condition": "minecraft:entity_scores","entity": "this","scores": { "fwg.reload" : 59}}]},
    {"function": "minecraft:set_nbt","tag": "{CustomModelData:2502}","conditions": [{"condition": "minecraft:entity_scores","entity": "this","scores": { "fwg.reload" : 58}}]},
    {"function": "minecraft:set_nbt","tag": "{CustomModelData:2501}","conditions": [{"condition": "minecraft:entity_scores","entity": "this","scores": { "fwg.reload" : 57}}]},
    {"function": "minecraft:set_nbt","tag": "{CustomModelData:2001}","conditions": [{"condition": "minecraft:entity_scores","entity": "this","scores": { "fwg.reload" : 56}}]},

    {"function": "minecraft:set_nbt","tag": "{CustomModelData:2301}","conditions": [{"condition": "minecraft:entity_scores","entity": "this","scores": { "fwg.reload" : 54}}]},
    {"function": "minecraft:set_nbt","tag": "{CustomModelData:2302}","conditions": [{"condition": "minecraft:entity_scores","entity": "this","scores": { "fwg.reload" : 53}}]},
    {"function": "minecraft:set_nbt","tag": "{CustomModelData:2303}","conditions": [{"condition": "minecraft:entity_scores","entity": "this","scores": { "fwg.reload" : 52}}]},
    {"function": "minecraft:set_nbt","tag": "{CustomModelData:2304}","conditions": [{"condition": "minecraft:entity_scores","entity": "this","scores": { "fwg.reload" : 51}}]},

    {"function": "minecraft:set_nbt","tag": "{CustomModelData:2305}","conditions": [{"condition": "minecraft:entity_scores","entity": "this","scores": { "fwg.reload" : 50}}]},
    {"function": "minecraft:set_nbt","tag": "{CustomModelData:2306}","conditions": [{"condition": "minecraft:entity_scores","entity": "this","scores": { "fwg.reload" : 48}}]},

    {"function": "minecraft:set_nbt","tag": "{CustomModelData:2307}","conditions": [{"condition": "minecraft:entity_scores","entity": "this","scores": { "fwg.reload" : 45}}]},
    {"function": "minecraft:set_nbt","tag": "{CustomModelData:2308}","conditions": [{"condition": "minecraft:entity_scores","entity": "this","scores": { "fwg.reload" : 43}}]},
    {"function": "minecraft:set_nbt","tag": "{CustomModelData:2309}","conditions": [{"condition": "minecraft:entity_scores","entity": "this","scores": { "fwg.reload" : 41}}]},
    {"function": "minecraft:set_nbt","tag": "{CustomModelData:2310}","conditions": [{"condition": "minecraft:entity_scores","entity": "this","scores": { "fwg.reload" : 38}}]},

    {"function": "minecraft:set_nbt","tag": "{CustomModelData:2311}","conditions": [{"condition": "minecraft:entity_scores","entity": "this","scores": { "fwg.reload" : 34}}]},
    {"function": "minecraft:set_nbt","tag": "{CustomModelData:2312}","conditions": [{"condition": "minecraft:entity_scores","entity": "this","scores": { "fwg.reload" : 33}}]},

    {"function": "minecraft:set_nbt","tag": "{CustomModelData:2313}","conditions": [{"condition": "minecraft:entity_scores","entity": "this","scores": { "fwg.reload" : 32}}]},
    {"function": "minecraft:set_nbt","tag": "{CustomModelData:2314}","conditions": [{"condition": "minecraft:entity_scores","entity": "this","scores": { "fwg.reload" : 31}}]},
    {"function": "minecraft:set_nbt","tag": "{CustomModelData:2315}","conditions": [{"condition": "minecraft:entity_scores","entity": "this","scores": { "fwg.reload" : 30}}]},

    {"function": "minecraft:set_nbt","tag": "{CustomModelData:2316}","conditions": [{"condition": "minecraft:entity_scores","entity": "this","scores": { "fwg.reload" : 27}}]},
    {"function": "minecraft:set_nbt","tag": "{CustomModelData:2317}","conditions": [{"condition": "minecraft:entity_scores","entity": "this","scores": { "fwg.reload" : 26}}]},
    {"function": "minecraft:set_nbt","tag": "{CustomModelData:2318}","conditions": [{"condition": "minecraft:entity_scores","entity": "this","scores": { "fwg.reload" : 24}}]},

    {"function": "minecraft:set_nbt","tag": "{CustomModelData:2319}","conditions": [{"condition": "minecraft:entity_scores","entity": "this","scores": { "fwg.reload" : 22}}]},
    {"function": "minecraft:set_nbt","tag": "{CustomModelData:2320}","conditions": [{"condition": "minecraft:entity_scores","entity": "this","scores": { "fwg.reload" : 21}}]},
    {"function": "minecraft:set_nbt","tag": "{CustomModelData:2321}","conditions": [{"condition": "minecraft:entity_scores","entity": "this","scores": { "fwg.reload" : 20}}]},

    {"function": "minecraft:set_nbt","tag": "{CustomModelData:2322}","conditions": [{"condition": "minecraft:entity_scores","entity": "this","scores": { "fwg.reload" : 18}}]},
    {"function": "minecraft:set_nbt","tag": "{CustomModelData:2323}","conditions": [{"condition": "minecraft:entity_scores","entity": "this","scores": { "fwg.reload" : 16}}]},
    {"function": "minecraft:set_nbt","tag": "{CustomModelData:2324}","conditions": [{"condition": "minecraft:entity_scores","entity": "this","scores": { "fwg.reload" : 14}}]},
    {"function": "minecraft:set_nbt","tag": "{CustomModelData:2325}","conditions": [{"condition": "minecraft:entity_scores","entity": "this","scores": { "fwg.reload" : 12}}]},
    {"function": "minecraft:set_nbt","tag": "{CustomModelData:2326}","conditions": [{"condition": "minecraft:entity_scores","entity": "this","scores": { "fwg.reload" : 10}}]},
    {"function": "minecraft:set_nbt","tag": "{CustomModelData:2327}","conditions": [{"condition": "minecraft:entity_scores","entity": "this","scores": { "fwg.reload" : 8}}]},
    {"function": "minecraft:set_nbt","tag": "{CustomModelData:2328}","conditions": [{"condition": "minecraft:entity_scores","entity": "this","scores": { "fwg.reload" : 6}}]},
    {"function": "minecraft:set_nbt","tag": "{CustomModelData:2001}","conditions": [{"condition": "minecraft:entity_scores","entity": "this","scores": { "fwg.reload" : 4}}]}
  ]
  