[
    {"function": "minecraft:set_nbt","tag": "{CustomModelData:4101}","conditions": [{"condition": "minecraft:entity_scores","entity": "this","scores": { "fwg.draw" : 10}}]},
    {"function": "minecraft:set_nbt","tag": "{CustomModelData:4102}","conditions": [{"condition": "minecraft:entity_scores","entity": "this","scores": { "fwg.draw" : 9}}]},
    {"function": "minecraft:set_nbt","tag": "{CustomModelData:4103}","conditions": [{"condition": "minecraft:entity_scores","entity": "this","scores": { "fwg.draw" : 8}}]},
    {"function": "minecraft:set_nbt","tag": "{CustomModelData:4104}","conditions": [{"condition": "minecraft:entity_scores","entity": "this","scores": { "fwg.draw" : 7}}]},
    {"function": "minecraft:set_nbt","tag": "{CustomModelData:4105}","conditions": [{"condition": "minecraft:entity_scores","entity": "this","scores": { "fwg.draw" : 5}}]},
    {"function": "minecraft:set_nbt","tag": "{CustomModelData:4106}","conditions": [{"condition": "minecraft:entity_scores","entity": "this","scores": { "fwg.draw" : 3}}]},
    {"function": "minecraft:set_nbt","tag": "{CustomModelData:4001}","conditions": [{"condition": "minecraft:entity_scores","entity": "this","scores": { "fwg.draw" : 1}}]}
  ]
  