x,y,z,visibility,load_status,entity_count
-5,-1,-3,TICKING,LOADED,1
7,3,-4,TICKING,LOADED,1
1,4,-3,TICKING,LOADED,1
-4,1,6,TRACKED,LOADED,1
0,5,-4,TICKING,LOADED,1
2,-1,-6,TICKING,LOADED,1
-6,1,-4,TICKING,LOADED,1
1,3,-10,TICKING,LOADED,6
1,-2,-10,TICKING,LOADED,1
0,4,-8,TICKING,LOADED,1
-3,-1,-8,TICKING,LOADED,4
-1,3,-18,TRACKED,LOADED,1
3,-1,-7,TICKING,LOADED,1
-2,5,-9,TICKING,LOADED,2
-4,0,-6,TICKING,LOADED,1
-4,-1,-6,TICKING,LOADED,1
-4,3,-8,TICKING,LOADED,2
-4,-1,-8,TICKING,LOADED,7
4,0,3,TICKING,LOADED,1
9,0,-8,TICKING,LOADED,1
-11,3,-10,TICKING,LOADED,2
2,-2,-9,TICKING,LOADED,3
8,3,-18,TRACKED,LOADED,1
1,-1,-7,TICKING,LOADED,1
-1,0,-6,TICKING,LOADED,1
-1,6,-6,TICKING,LOADED,1
3,-1,-11,TICKING,LOADED,1
-5,-1,-7,TICKING,LOADED,3
1,5,-5,TICKING,LOADED,2
-8,1,4,TICKING,LOADED,1
-3,1,-2,TICKING,LOADED,2
-3,3,-9,TICKING,LOADED,4
-3,-1,-9,TICKING,LOADED,4
2,1,-5,TICKING,LOADED,1
2,-1,-5,TICKING,LOADED,3
-4,1,7,TRACKED,LOADED,2
-3,3,-10,TICKING,LOADED,1
4,-1,-8,TICKING,LOADED,1
5,-1,-3,TICKING,LOADED,1
-4,-1,-9,TICKING,LOADED,1
-2,3,-12,TICKING,LOADED,1
3,4,-4,TICKING,LOADED,1
3,-1,-4,TICKING,LOADED,1
-4,1,-5,TICKING,LOADED,5
0,5,-6,TICKING,LOADED,1
-2,5,-8,TICKING,LOADED,1
-11,2,-15,TICKING,LOADED,1
3,-2,-8,TICKING,LOADED,1
0,3,-10,TICKING,LOADED,4
-5,-1,-4,TICKING,LOADED,2
1,5,-4,TICKING,LOADED,1
11,0,-5,TRACKED,LOADED,1
-5,-1,-8,TICKING,LOADED,5
-1,-1,-4,TICKING,LOADED,1
-1,0,-5,TICKING,LOADED,1
-1,-2,-5,TICKING,LOADED,1
-1,-1,-5,TICKING,LOADED,1
-3,-1,-5,TICKING,LOADED,1
10,0,-7,TRACKED,LOADED,1
-3,0,-7,TICKING,LOADED,1
-3,-1,-7,TICKING,LOADED,3
-2,3,-11,TICKING,LOADED,1
1,-1,-8,TICKING,LOADED,1
3,1,-1,TICKING,LOADED,2
4,0,-11,TICKING,LOADED,3
-4,1,-2,TICKING,LOADED,2
-2,1,-3,TICKING,LOADED,3
-2,4,-3,TICKING,LOADED,1
-5,-1,-6,TICKING,LOADED,2
-2,3,-10,TICKING,LOADED,5
-6,-1,-7,TICKING,LOADED,2
4,0,-10,TICKING,LOADED,1
0,5,-5,TICKING,LOADED,1
0,5,-7,TICKING,LOADED,1
2,-2,-10,TICKING,LOADED,1
2,-1,-10,TICKING,LOADED,1
10,0,-6,TRACKED,LOADED,1
-3,3,-11,TICKING,LOADED,1
-3,-1,-11,TICKING,LOADED,1
-3,-2,-4,TICKING,LOADED,1
-3,-1,-4,TICKING,LOADED,2
-13,4,-12,TRACKED,LOADED,1
-3,1,-3,TICKING,LOADED,1
-3,3,-3,TICKING,LOADED,1
-3,-1,-3,TICKING,LOADED,1
-10,3,-10,TICKING,LOADED,1
1,0,-11,TICKING,LOADED,1
-12,1,6,TRACKED,LOADED,1
3,-2,-9,TICKING,LOADED,2
-4,-1,-7,TICKING,LOADED,1
2,4,-7,TICKING,LOADED,1
-2,1,-2,TICKING,LOADED,3
2,3,-3,TICKING,LOADED,1
2,5,-3,TICKING,LOADED,1
-6,-1,-8,TICKING,LOADED,1
8,2,5,TICKING,LOADED,1
