x,y,z,uuid,type,alive,display_name,custom_name
-1.0278668622486293,1.8194912718608975,-75.93739433540031,a17a7fc4-ad38-4ff4-bc62-0a45684b8381,minecraft:glow_squid,true,Glow Squid,[null]
-5.166677708737552,-0.030678916722536087,-63.43557015643455,7426a363-ad83-4217-b0b4-744df87f43e0,minecraft:glow_squid,true,Glow Squid,[null]
-4.610662583261728,2.2365944520570338,-82.6001478806138,4aea476c-3631-47a8-a1bf-891b5ba1de2b,minecraft:glow_squid,true,Glow Squid,[null]
-7.725782130908187,-17.0,-75.75590137215451,722c9874-13e0-4328-ada8-7716255e44fe,minecraft:skeleton,true,Skeleton,[null]
15.239350622667246,90.0,-58.4234859167385,9e2bb134-534d-43fd-aa2a-a842c9136736,minecraft:sheep,true,Sheep,[null]
27.988012494087723,69.0,-33.500610374689245,21944dad-1604-47b0-b917-d7ce65c6890e,minecraft:pig,true,Pig,[null]
25.268892599091153,95.0,-62.50035080278267,378fb01d-aa88-4090-b5e1-fd7d6834169e,minecraft:sheep,true,Sheep,[null]
24.208629733787255,94.0,-66.63473273487458,cb12b388-4463-442a-b6b0-51cfd2da8d1d,minecraft:sheep,true,Sheep,[null]
22.54265413851446,92.0,-76.8806393602662,1564b292-3141-47dd-aab4-3a9bbb65e5bf,minecraft:chicken,true,Chicken,[null]
-12.808884014142677,-1.1789193684235215,-79.06390211032704,05e8c1de-7293-4178-9e35-9b4d1eec0432,minecraft:glow_squid,true,Glow Squid,[null]
-23.72251502047891,24.0,-32.69999998807907,add90e2f-aa46-4097-b3e1-49029e274488,minecraft:creeper,true,Creeper,[null]
-17.5,19.0625,-19.5,b5e7a4ec-0bf4-454c-98f3-862ece619bc7,minecraft:chest_minecart,true,Minecart with Chest,[null]
-25.20278385264575,24.0,-32.441716949672504,47b444b6-12f0-4e40-a933-ff270d0c150f,minecraft:creeper,true,Creeper,[null]
-27.5,21.0,-24.5,ecb3614b-7a68-426f-8869-8b5cc9c0033a,minecraft:creeper,true,Creeper,[null]
-25.55409515223211,21.0,-24.203825516750797,dfd58c05-6011-414d-9722-c923b98a8189,minecraft:creeper,true,Creeper,[null]
-43.90591384942909,51.0,-35.950111120025475,bf118219-a41c-4073-b06b-18114ad3d16c,minecraft:dolphin,true,Dolphin,[null]
9.12066406468231,90.0,-87.02358203472605,d4be24ea-b2c1-4555-a331-5ca80b74ec70,minecraft:chicken,true,Chicken,[null]
45.68156977530087,63.0,-40.4755051170308,b327bb2f-52bb-42a1-9588-fbd32eeb06a2,minecraft:pig,true,Pig,[null]
43.205213008307595,81.0,-47.46328876746022,cb2a4f3f-bc92-4267-b140-53dfb7200cc2,minecraft:pig,true,Pig,[null]
34.5,20.0625,-75.5,c8f7fd0d-3ae9-4a7d-a3b4-e7e9bd8dfd5c,minecraft:chest_minecart,true,Minecart with Chest,[null]
35.24955779058575,-8.0,-71.5,073f68b8-0679-47df-8d88-cbbc72060a21,minecraft:skeleton,true,Skeleton,[null]
45.75,-6.899999976158142,-70.25,3fe9bfa3-c408-49cb-baca-a51ba894abac,minecraft:bat,true,Bat,[null]
43.25,-6.899999976158142,-82.125,5326d327-8c65-4662-abf0-37ccc67b478e,minecraft:bat,true,Bat,[null]
45.75,-6.899999976158142,-70.25,163ddc03-e197-4c38-b5fe-058b94cb7da0,minecraft:bat,true,Bat,[null]
-43.41928976245094,-18.0,-52.15851777032591,1d88416e-54c9-446b-8d48-f17626bc6e95,minecraft:skeleton,true,Skeleton,[null]
-46.27046854373822,-16.0,-56.31122957809348,65381e67-9b15-4157-971d-ec7965472b1c,minecraft:skeleton,true,Skeleton,[null]
-37.25,-14.899999976158142,-48.75,77c0e7ca-63cb-4cdb-9d05-ce506ab9a058,minecraft:bat,true,Bat,[null]
-34.66638079890981,15.383790832711384,-111.91152886703804,0fc7be6e-c428-40d9-9716-98149542d93a,minecraft:glow_squid,true,Glow Squid,[null]
-54.17379481281127,-8.0,-95.82610510373121,8828bc89-5751-40f1-bea7-f103ff9a4ee0,minecraft:skeleton,true,Skeleton,[null]
-42.736544713256365,-10.0,-118.21042841133652,ee45c153-2108-4908-95cb-593eebf64627,minecraft:zombie,true,Zombie,[null]
-39.73978636553858,-11.0,-110.19898713982651,6ddfd8ad-3876-41ae-9b72-081e79ef6f15,minecraft:zombie,true,Zombie,[null]
-41.5,21.0625,-32.5,854ffc5b-4a3e-4210-8b6b-3ebf13d8102d,minecraft:chest_minecart,true,Minecart with Chest,[null]
-43.984021852902465,-16.0,-42.74815866600782,842f2116-8ca7-40b1-a3b8-9e524d842085,minecraft:spider,true,Spider,[null]
-45.5210318249515,17.0,-18.751543165314327,44d0a876-4b43-4f4c-bbc0-77b855a3c943,minecraft:skeleton,true,Skeleton,[null]
-31.25,18.017962164675854,-44.25,59893f2a-9b59-41fd-b1dc-ead6ff4f98c9,minecraft:bat,true,Bat,[null]
-62.875,21.100000023841858,-24.51866875714925,a20b82c6-b224-455a-95a6-bf4038cdd10d,minecraft:bat,true,Bat,[null]
-32.498409169296835,21.0,-25.69183393052884,e991b265-c718-4ff0-9043-f333592331a4,minecraft:enderman,true,Enderman,[null]
51.69999998807907,20.0,-15.5,13d69385-ea73-4121-8e8e-1e96a713cfc5,minecraft:zombie,true,Zombie,[null]
51.0767052882696,20.0,-15.50476905939983,9590eb71-f05d-4077-9941-8b836b187885,minecraft:zombie,true,Zombie,[null]
1.3043782689911052,89.0,-107.85735694105895,c3f50c2e-09ad-4efe-9c1e-50702ff365bd,minecraft:item,true,Egg,[null]
25.5,-8.0,-106.23690840873763,c9a2bb4c-85ce-4d1d-b58f-7aaaf429a508,minecraft:zombie,true,Zombie,[null]
44.5,64.0,-98.80398030291018,544bbfb4-1832-463b-8116-735c0bc17dca,minecraft:creeper,true,Creeper,[null]
50.50463384518108,65.0,-55.23785246168751,6ccb25ed-83d3-4332-be5a-75a1f63f2544,minecraft:pig,true,Pig,[null]
50.5,-7.0,-60.5,32cf58aa-1c1d-4346-9420-ebbaf5eb6fbb,minecraft:skeleton,true,Skeleton,[null]
54.17864940817661,-13.0,-110.5,840d1996-8e47-4ea9-b5ed-734044c7d241,minecraft:zombie,true,Zombie,[null]
-83.25,21.100000023841858,-54.46331085116902,0ea1e37a-afbf-4d2e-a22e-02cd519f3877,minecraft:bat,true,Bat,[null]
-17.995750907326087,85.0,-124.47775321098226,5ed34d07-cee8-431a-a2d3-50eac81e291d,minecraft:chicken,true,Chicken,[null]
-39.7473005165711,-9.0,-105.41258981161012,1c4afc91-f2a1-4539-91aa-eab5740b0266,minecraft:skeleton,true,Skeleton,[null]
-44.36471711888344,-10.0,-117.6607414502936,a4a3d341-aba5-431f-a8c5-9a4571a5445d,minecraft:skeleton,true,Skeleton,[null]
-46.5971486445491,-10.0,-118.66428248707366,f70c9d7d-1c3e-4ec5-a809-f9001554d6e8,minecraft:creeper,true,Creeper,[null]
-42.79448412699354,-9.0,-126.13439715295661,8f47dd43-3c50-4b8c-b569-fac9cd2d7a5a,minecraft:creeper,true,Creeper,[null]
-48.14205524522121,-10.0,-115.85924293321644,e0c0d9a1-675b-4059-ac81-03ee92bfb509,minecraft:creeper,true,Creeper,[null]
-57.759615247697205,21.0,-76.1836614852639,5133d885-3cf8-4073-a9ef-11cd2561c673,minecraft:skeleton,true,Skeleton,[null]
-55.5,21.0,-65.5,6b7c5125-fa56-490e-9f65-a5b4358de31e,minecraft:creeper,true,Creeper,[null]
-59.5,21.0,-66.5,fee7bb32-bd46-44a6-8dc4-0f54a988e922,minecraft:zombie,true,Zombie,[null]
-58.49310363339148,21.0,-66.22682301674763,bfe6a994-2b4a-440c-958f-9cb9876170e7,minecraft:creeper,true,Creeper,[null]
-49.84375,23.100000023841858,-66.75,84503967-066c-40c8-85af-d76793fe966d,minecraft:bat,true,Bat,[null]
-47.907533689355546,-15.986336727678287,-64.50331070680433,356c64c7-979c-410f-8d31-3d6a05bbd3e4,minecraft:bat,true,Bat,[null]
-61.215579022601744,-8.0,-105.1589058065273,6bc50a4c-3543-4d2a-9af6-38703302642c,minecraft:zombie,true,Zombie,[null]
-69.2651274996097,-8.0,-113.44756461164057,c4186574-4643-4d7c-a765-492a52c951af,minecraft:zombie,true,Zombie,[null]
-53.81961798830594,-12.0,-114.52738297424337,72b9109a-9e81-4154-8f0b-1380e34b1c5e,minecraft:zombie,true,Zombie,[null]
-53.54415775792873,54.47957961934113,-126.45714656072296,c1194edc-fde9-4c62-97d4-3a5c737ee53d,minecraft:cod,true,Cod,[null]
-53.51654847553844,53.641053708940106,-126.77861923002801,d9931537-84b0-4581-aad9-1a0ca93a786a,minecraft:cod,true,Cod,[null]
-54.46684814641744,-12.0,-119.29484548045845,78ad6d5c-4812-473c-ada0-5e52b77e0f0f,minecraft:skeleton,true,Skeleton,[null]
-58.48026919066267,-9.0,-118.47445669466825,6243396d-d0a5-4ecf-8261-a53a880166ab,minecraft:creeper,true,Creeper,[null]
-59.44623909916451,-12.0,-123.25180972577324,fee6a901-c30e-445f-9364-722c9e94696d,minecraft:skeleton,true,Skeleton,[null]
-56.07989873939381,-9.0,-128.6303746397555,922564dd-a415-44cc-93a8-be1cfc04ea4e,minecraft:zombie,true,Zombie,[null]
-58.26439372119384,-4.899999976158142,-113.49320879816099,f4e7fbe2-5ae5-44cb-8dc7-523eed48495e,minecraft:bat,true,Bat,[null]
-53.5,20.0625,-27.5,3f50ef3f-4397-4861-93cb-01bb5bfbc4f8,minecraft:chest_minecart,true,Minecart with Chest,[null]
2.466148179651591,72.0,-115.69687551729025,216d0ee1-fcbc-466b-bd98-f64fb14d130a,minecraft:skeleton,true,Skeleton,[null]
17.5,-13.9375,-121.5,b7df6bb0-7352-4841-a01d-3721730da63e,minecraft:chest_minecart,true,Minecart with Chest,[null]
48.5,-20.9375,-112.5,25decf55-12d8-4a8d-b16d-2238afa0f409,minecraft:chest_minecart,true,Minecart with Chest,[null]
67.26966361889171,-12.0,-123.76208588038216,f7ab3932-1e17-4dd7-9ada-5d827612f676,minecraft:skeleton,true,Skeleton,[null]
-74.5,-7.0,-58.5,9164382a-3f2c-44ca-b75b-7fada3050088,minecraft:zombie,true,Zombie,[null]
-66.74704954531467,-7.3930831927065865,-99.87875593863369,dd62f271-4a55-4442-a0fe-586df3210b21,minecraft:bat,true,Bat,[null]
-74.13378626051993,-1.0,-86.78830032002271,9c184333-caaf-4547-81d6-053acfa63f66,minecraft:creeper,true,Creeper,[null]
-68.5,-5.0,-90.5,e093bfab-f73b-482a-840d-b352968209d6,minecraft:creeper,true,Creeper,[null]
-70.5,-1.0,-107.5,b766e3b0-ed99-4f36-8acb-fad4028d5581,minecraft:zombie,true,Zombie,[null]
-89.16284041390173,-7.0,-110.58185944895907,0d4b1b5f-1cd5-4171-b1b4-27d3103c41c4,minecraft:zombie,true,Zombie,[null]
-44.468915955150266,-6.995168222219044,-98.19999999925494,7903218e-538c-4d0c-b9df-7ddc0e09d7e6,minecraft:bat,true,Bat,[null]
-71.5,-2.0,-104.5,77ac98a8-805b-45f4-99fa-079b45060713,minecraft:creeper,true,Creeper,[null]
-79.75,-7.899999976158142,-116.75,05b7fbe6-dd29-40af-83f8-e6bca5c37457,minecraft:bat,true,Bat,[null]
-70.25107680536561,-16.0,-116.4940092821838,5b048d41-d55e-4cfd-a12f-d3ca2478f0e9,minecraft:zombie,true,Zombie,[null]
-64.52121612213536,-8.0,-117.51661713598382,3523b302-e1d7-426d-a182-09efbf16a917,minecraft:skeleton,true,Skeleton,[null]
-64.73148369550422,-8.0,-113.49496217327493,7544f561-9e94-4fab-ad5c-f552c7259ea4,minecraft:skeleton,true,Skeleton,[null]
-76.18313475112878,-5.0,-51.49086834232071,6cb3e31a-7b53-401d-b4e2-b789ae95c683,minecraft:creeper,true,Creeper,[null]
-66.42653864266337,-3.0,-47.578905860435604,c0b20951-9b2f-4474-b7d5-a83bc035286e,minecraft:creeper,true,Creeper,[null]
-55.77439770831328,-8.0,-125.83693353670797,f46e6a30-0518-44e4-9198-ad5d7d0cc9aa,minecraft:creeper,true,Creeper,[null]
-23.905238732302024,83.0,-132.52565769369298,f70d1ebf-dfb0-4f29-8554-fd047a8bc8f0,minecraft:chicken,true,Chicken,[null]
-47.18402135386046,59.97384161806716,-140.18645123422215,3eef2aa5-09ee-407a-9d9d-17920d810541,minecraft:cod,true,Cod,[null]
-36.549685183973736,62.466499051568405,-143.4913686250296,c18eb35d-52e3-4ebb-b231-3ba9b2fb99ec,minecraft:cod,true,Cod,[null]
-40.5,-8.0,-128.5,1c26c104-79f0-445e-89e3-94caddf66d7c,minecraft:skeleton,true,Skeleton,[null]
-43.150000005960464,-10.0,-139.29952504025596,cbb8fba8-9184-42a0-9729-432d3bdfae57,minecraft:zombie,true,Zombie,[null]
55.46149976518842,-18.049802050701324,-136.08435793460245,4a8dae6b-d1d4-465c-af07-046e75707ad1,minecraft:bat,true,Bat,[null]
81.5,-6.9375,-40.5,e7cd642c-b606-4576-b546-43b1825d8b74,minecraft:chest_minecart,true,Minecart with Chest,[null]
52.5,-21.0,-136.5,090eabfd-0f5e-4019-b94a-b958c0ba6570,minecraft:skeleton,true,Skeleton,[null]
-63.678572761076786,0.978445713627112,-80.05571478658315,d55af224-a31b-4ec1-9f91-01c53c714643,minecraft:bat,true,Bat,[null]
-86.5,-5.0,-114.5,d1e04a9d-757d-475b-9b00-8fd32a151a48,minecraft:skeleton,true,Skeleton,[null]
-93.21706748063396,-5.0,-104.73163283065381,874ef81c-c53b-499e-b806-b386fd463c75,minecraft:skeleton,true,Skeleton,[null]
114.03735219564497,60.90197189175524,-50.97744218118533,5e9cbc7d-e286-47c0-96d9-850d92a645e6,minecraft:squid,true,Squid,[null]
-35.24422815586119,62.48925530115598,-142.14601666011288,8223fdd8-4639-4a25-904f-0372ccff2d8f,minecraft:cod,true,Cod,[null]
-36.879651374572056,62.762569969477305,-153.8806914912482,8b756d85-d5ee-4fce-ba30-2fe5946e2c8a,minecraft:cod,true,Cod,[null]
-35.00673281976982,62.75821866354964,-143.94921199623232,6be07f1a-b77a-4fd7-a47b-cae899077e61,minecraft:cod,true,Cod,[null]
-40.572764346613276,-7.0,-139.6663189833464,1248ae8f-d2cb-4cc6-b171-23acce7df662,minecraft:zombie,true,Zombie,[null]
-46.73692139801325,-11.0,-138.42777736738515,b174f178-2e49-43f9-bfad-42cb188c24e7,minecraft:zombie,true,Zombie,[null]
-22.426758791361138,56.89053729601139,-144.5753639207811,ddd80b31-29a5-496d-a043-890103544fc8,minecraft:cod,true,Cod,[null]
-18.14342802745002,62.52006335427133,-153.17918031813295,09d21767-48ac-4e5c-ad08-7c9840a34127,minecraft:cod,true,Cod,[null]
-17.212044377291214,62.53087978971786,-154.21196848216354,0736a09b-1daa-4959-8d34-929f802cf56a,minecraft:cod,true,Cod,[null]
-18.371024327697658,62.759005748226464,-154.06968587504372,479ec22b-62c5-4d77-924c-d8142e1992e0,minecraft:cod,true,Cod,[null]
-19.20434574154203,61.88667766525607,-154.4075448577443,a0a56d67-8b11-4d0f-bef4-720898b9b39a,minecraft:cod,true,Cod,[null]
8.154150467301541,62.76064631707468,-147.05633963514705,4874a5c3-04f7-4257-bbcf-be54c3b428e0,minecraft:cod,true,Cod,[null]
7.802222643507848,62.52113064737564,-147.70919084990686,6d910d05-4977-4fe4-925a-9147a2b940d1,minecraft:cod,true,Cod,[null]
8.500838065040966,62.61514766288103,-148.6286150610296,51665516-355f-4e4e-9d22-d7ea3cf13c26,minecraft:cod,true,Cod,[null]
25.48385870125985,51.000000015624096,-146.67637417656144,7401a7ae-32d0-429c-b266-d0ea7b4ed444,minecraft:cod,true,Cod,[null]
26.254233076770586,51.26669662283909,-146.21214420932748,762caf2f-da06-4773-8ebb-089a82cd0658,minecraft:cod,true,Cod,[null]
24.77977670761071,50.99974384936731,-147.49406531423227,1e4069d0-49cf-4258-b6e3-5fe6a1820e12,minecraft:cod,true,Cod,[null]
26.226305696713716,51.00000618773362,-146.8139772985891,37dac2a3-f585-439b-906a-7480caf7efeb,minecraft:cod,true,Cod,[null]
26.783987211814598,52.523779270529445,-146.42487066086716,4861c496-524d-438f-9dbe-86e1ba58f5d2,minecraft:cod,true,Cod,[null]
26.81632454671766,50.57147558215018,-147.1398906679886,a31252a2-0bcd-4a14-b385-8c44556e9c74,minecraft:cod,true,Cod,[null]
7.1617283440564234,62.35034868825582,-147.12314569844804,f731d077-4e48-4fa3-835a-792cf49a6a6b,minecraft:cod,true,Cod,[null]
27.67028274123188,-20.0,-144.77698345290523,df114615-952b-489f-97a2-8844ee0aa3f7,minecraft:zombie,true,Zombie,[null]
32.020859604638574,-20.0,-143.52118006233343,876c6368-3284-46cf-b1dd-febd2b66dfef,minecraft:skeleton,true,Skeleton,[null]
46.206824938199254,-21.0,-147.47891938645475,45d16a34-e208-4355-8bd6-1bc16302234d,minecraft:zombie,true,Zombie,[null]
36.810817386565915,-20.0,-143.81074928339555,d6f92770-70c6-4b70-b2b2-3e2f88876d18,minecraft:skeleton,true,Skeleton,[null]
37.73958178256451,-20.0,-141.80590859661334,0bf30fc8-97ae-4c54-b5b3-3bb1af245389,minecraft:creeper,true,Creeper,[null]
41.5,-6.0,-147.5,d6856e9a-8e2d-4d22-ab3d-090b0a7dc7b7,minecraft:zombie,true,Zombie,[null]
73.72750808901516,8.0,-161.23944714258258,f13526b3-45a0-415f-8c85-c4fdc284c006,minecraft:skeleton,true,Skeleton,[null]
64.73148983761438,14.0,-156.4954747895531,30454ff0-5d3b-4cfe-a8dc-79fce144a1ef,minecraft:skeleton,true,Skeleton,[null]
-39.5,-16.0,-164.5,5ab6285d-71b6-4f54-bccc-02dd1250b16a,minecraft:creeper,true,Creeper,[null]
-32.122271757995456,52.94029085144088,-172.05192574098965,3b8bf077-863e-43e9-b03f-91695a5c0f05,minecraft:dolphin,true,Dolphin,[null]
-18.259938247421818,55.896242610916254,-162.60948932248462,b2ceb175-137a-4fc3-b4bc-feddb0eb3035,minecraft:dolphin,true,Dolphin,[null]
28.5,5.0,-171.5,35e1c966-be0c-424a-b3a7-6d3701e335c8,minecraft:zombie,true,Zombie,[null]
51.19100538461508,-1.0,-166.49902119630988,c2617f10-72c2-4d0d-aed1-5232a368389c,minecraft:zombie,true,Zombie,[null]
67.49685964763908,14.0,-163.74437079769757,db24cafe-3b4b-4a8f-a8a9-0af613d0d3bd,minecraft:zombie,true,Zombie,[null]
66.84177559706876,14.0,-168.49999624174671,d991e742-e146-47c9-ae3b-35b00f1dfb55,minecraft:creeper,true,Creeper,[null]
75.5,10.0625,50.5,6cf72192-bd22-48b6-966d-384ef3dda5c2,minecraft:chest_minecart,true,Minecart with Chest,[null]
-23.79655357496813,60.43241874058731,-181.47935743350536,4db2c2fc-4d4c-40e7-aa93-cae5c0c77961,minecraft:squid,true,Squid,[null]
-119.5,28.0625,71.5,856cc531-1857-45a1-a11d-9c52d43eac6a,minecraft:chest_minecart,true,Minecart with Chest,[null]
-63.5,17.0625,112.5,664bd1cc-9b33-4802-874a-eeae1b883ba3,minecraft:chest_minecart,true,Minecart with Chest,[null]
-51.5,17.0625,125.5,af9d7f37-2768-4d0a-a63a-30700b9662a0,minecraft:chest_minecart,true,Minecart with Chest,[null]
-56.5,17.0625,96.5,9c15a87d-7a3a-40d7-8d0c-20b527052780,minecraft:chest_minecart,true,Minecart with Chest,[null]
162.5,2.0625,-92.5,d40f60cc-7ceb-40b3-88e0-0f17bc4d19be,minecraft:chest_minecart,true,Minecart with Chest,[null]
162.5,2.0625,-97.5,14a86b1d-e19e-41c4-9067-101682591675,minecraft:chest_minecart,true,Minecart with Chest,[null]
159.5,3.0625,-112.5,6521c8fe-11bc-4bf3-8d02-4f4ec8060470,minecraft:chest_minecart,true,Minecart with Chest,[null]
181.5,2.0625,-76.5,6dfe7db7-7090-4f71-b1cf-59384edc3aa7,minecraft:chest_minecart,true,Minecart with Chest,[null]
131.02410654521256,33.0,94.48173621849253,7702bd8d-6a9a-49db-80bb-3f93675a0841,minecraft:drowned,true,Drowned,[null]
-162.1211383722257,59.665837838780135,-150.0217955969274,79001763-6609-49a9-8bcc-0454a82a0230,minecraft:squid,true,Squid,[null]
-160.33388859386253,60.378255024785176,-153.15969844355587,c8feaf2c-1cc6-482d-96b5-e9e63f86a345,minecraft:squid,true,Squid,[null]
-154.49656572937965,61.71318403119221,-151.40978364739567,2754367f-4edc-4f6a-877c-2012dd7cad4c,minecraft:squid,true,Squid,[null]
-173.69999998807907,32.0,-228.69999998807907,486c4bcf-4d8d-4b52-ab14-b1745ed265c4,minecraft:spider,true,Spider,[null]
-12.876057399089783,110.97139267290736,-84.51623547890792,80d98bcf-8ba8-4a57-9f35-2bd618a9e3a8,minecraft:player,true,ASFJASJHALALF,[null]
-205.98288575770727,71.0,-182.26477802631362,d43e510e-af75-4e8a-bb46-43f9c8f17975,minecraft:item,true,Spruce Sapling,[null]
-178.5,26.0625,111.5,b4ffdce2-c0a9-4ac7-9733-fd2f36b60790,minecraft:chest_minecart,true,Minecart with Chest,[null]
-24.191572919670573,65.92879181001732,-37.36988494255397,dce2b03c-f5b7-4698-a49e-bd9321fa8422,minecraft:bee,true,Bee,[null]
137.37043813788372,52.1326083163637,-272.00998339774117,c8c18cef-b984-4f76-93cf-31be572ce1e8,minecraft:drowned,true,Drowned,[null]
-3.658374885092838,63.0,-285.16351862047776,7346b64f-826a-4fff-82aa-a06183193973,minecraft:item,true,Rotten Flesh,[null]
4.555339717345475,84.25986414729424,-68.2020060825171,46963cfd-fd98-4f77-aceb-cd7f9dc72e41,minecraft:bee,true,Bee,[null]
-23.840110179521144,83.0,-132.78038903156377,839ab8e9-99d8-435e-9ddc-3173c97080d4,minecraft:item,true,Egg,[null]
