[
  {"function": "minecraft:set_nbt","tag": "{CustomModelData:1901}","conditions": [{"condition": "minecraft:entity_scores","entity": "this","scores": { "fwg.reload" : 30}}]},
  {"function": "minecraft:set_nbt","tag": "{CustomModelData:1902}","conditions": [{"condition": "minecraft:entity_scores","entity": "this","scores": { "fwg.reload" : 29}}]},
  {"function": "minecraft:set_nbt","tag": "{CustomModelData:1903}","conditions": [{"condition": "minecraft:entity_scores","entity": "this","scores": { "fwg.reload" : 27}}]},
  {"function": "minecraft:set_nbt","tag": "{CustomModelData:1904}","conditions": [{"condition": "minecraft:entity_scores","entity": "this","scores": { "fwg.reload" : 25}}]},

  {"function": "minecraft:set_nbt","tag": "{CustomModelData:1905}","conditions": [{"condition": "minecraft:entity_scores","entity": "this","scores": { "fwg.reload" : 21}}]},
  {"function": "minecraft:set_nbt","tag": "{CustomModelData:1906}","conditions": [{"condition": "minecraft:entity_scores","entity": "this","scores": { "fwg.reload" : 20}}]},
  {"function": "minecraft:set_nbt","tag": "{CustomModelData:1907}","conditions": [{"condition": "minecraft:entity_scores","entity": "this","scores": { "fwg.reload" : 19}}]},

  {"function": "minecraft:set_nbt","tag": "{CustomModelData:1908}","conditions": [{"condition": "minecraft:entity_scores","entity": "this","scores": { "fwg.reload" : 16}}]},
  {"function": "minecraft:set_nbt","tag": "{CustomModelData:1909}","conditions": [{"condition": "minecraft:entity_scores","entity": "this","scores": { "fwg.reload" : 15}}]},
  {"function": "minecraft:set_nbt","tag": "{CustomModelData:1910}","conditions": [{"condition": "minecraft:entity_scores","entity": "this","scores": { "fwg.reload" : 13}}]},

  {"function": "minecraft:set_nbt","tag": "{CustomModelData:1911}","conditions": [{"condition": "minecraft:entity_scores","entity": "this","scores": { "fwg.reload" : 10}}]},
  {"function": "minecraft:set_nbt","tag": "{CustomModelData:1912}","conditions": [{"condition": "minecraft:entity_scores","entity": "this","scores": { "fwg.reload" : 8}}]},
  {"function": "minecraft:set_nbt","tag": "{CustomModelData:1913}","conditions": [{"condition": "minecraft:entity_scores","entity": "this","scores": { "fwg.reload" : 6}}]},
  {"function": "minecraft:set_nbt","tag": "{CustomModelData:1914}","conditions": [{"condition": "minecraft:entity_scores","entity": "this","scores": { "fwg.reload" : 4}}]},
  {"function": "minecraft:set_nbt","tag": "{CustomModelData:1915}","conditions": [{"condition": "minecraft:entity_scores","entity": "this","scores": { "fwg.reload" : 2}}]},
  {"function": "minecraft:set_nbt","tag": "{CustomModelData:1601}","conditions": [{"condition": "minecraft:entity_scores","entity": "this","scores": { "fwg.reload" : 1}}]}
]
