[
    {"function": "minecraft:set_nbt","tag": "{CustomModelData:1801}","conditions": [{"condition": "minecraft:entity_scores","entity": "this","scores": { "fwg.cooldown" : 20}}]},
    {"function": "minecraft:set_nbt","tag": "{CustomModelData:1802}","conditions": [{"condition": "minecraft:entity_scores","entity": "this","scores": { "fwg.cooldown" : 19}}]},
    {"function": "minecraft:set_nbt","tag": "{CustomModelData:1803}","conditions": [{"condition": "minecraft:entity_scores","entity": "this","scores": { "fwg.cooldown" : 17}}]},
    {"function": "minecraft:set_nbt","tag": "{CustomModelData:1804}","conditions": [{"condition": "minecraft:entity_scores","entity": "this","scores": { "fwg.cooldown" : 15}}]},
    {"function": "minecraft:set_nbt","tag": "{CustomModelData:1805}","conditions": [{"condition": "minecraft:entity_scores","entity": "this","scores": { "fwg.cooldown" : 13}}]},
    {"function": "minecraft:set_nbt","tag": "{CustomModelData:1806}","conditions": [{"condition": "minecraft:entity_scores","entity": "this","scores": { "fwg.cooldown" : 11}}]},
    {"function": "minecraft:set_nbt","tag": "{CustomModelData:1807}","conditions": [{"condition": "minecraft:entity_scores","entity": "this","scores": { "fwg.cooldown" : 9}}]},
    {"function": "minecraft:set_nbt","tag": "{CustomModelData:1808}","conditions": [{"condition": "minecraft:entity_scores","entity": "this","scores": { "fwg.cooldown" : 7}}]},
    {"function": "minecraft:set_nbt","tag": "{CustomModelData:1601}","conditions": [{"condition": "minecraft:entity_scores","entity": "this","scores": { "fwg.cooldown" : 5}}]}
    
  ]
  