[
    {"function": "minecraft:set_nbt","tag": "{CustomModelData:1701}","conditions": [{"condition": "minecraft:entity_scores","entity": "this","scores": { "fwg.draw" : 30}}]},
    {"function": "minecraft:set_nbt","tag": "{CustomModelData:1702}","conditions": [{"condition": "minecraft:entity_scores","entity": "this","scores": { "fwg.draw" : 28}}]},

    {"function": "minecraft:set_nbt","tag": "{CustomModelData:1703}","conditions": [{"condition": "minecraft:entity_scores","entity": "this","scores": { "fwg.draw" : 26}}]},
    {"function": "minecraft:set_nbt","tag": "{CustomModelData:1704}","conditions": [{"condition": "minecraft:entity_scores","entity": "this","scores": { "fwg.draw" : 25}}]},
    {"function": "minecraft:set_nbt","tag": "{CustomModelData:1705}","conditions": [{"condition": "minecraft:entity_scores","entity": "this","scores": { "fwg.draw" : 24}}]},

    {"function": "minecraft:set_nbt","tag": "{CustomModelData:1706}","conditions": [{"condition": "minecraft:entity_scores","entity": "this","scores": { "fwg.draw" : 22}}]},
    {"function": "minecraft:set_nbt","tag": "{CustomModelData:1707}","conditions": [{"condition": "minecraft:entity_scores","entity": "this","scores": { "fwg.draw" : 21}}]},

    {"function": "minecraft:set_nbt","tag": "{CustomModelData:1708}","conditions": [{"condition": "minecraft:entity_scores","entity": "this","scores": { "fwg.draw" : 18}}]},
    {"function": "minecraft:set_nbt","tag": "{CustomModelData:1709}","conditions": [{"condition": "minecraft:entity_scores","entity": "this","scores": { "fwg.draw" : 16}}]},
    {"function": "minecraft:set_nbt","tag": "{CustomModelData:1710}","conditions": [{"condition": "minecraft:entity_scores","entity": "this","scores": { "fwg.draw" : 15}}]},

    {"function": "minecraft:set_nbt","tag": "{CustomModelData:1711}","conditions": [{"condition": "minecraft:entity_scores","entity": "this","scores": { "fwg.draw" : 13}}]},
    {"function": "minecraft:set_nbt","tag": "{CustomModelData:1712}","conditions": [{"condition": "minecraft:entity_scores","entity": "this","scores": { "fwg.draw" : 12}}]},
    {"function": "minecraft:set_nbt","tag": "{CustomModelData:1713}","conditions": [{"condition": "minecraft:entity_scores","entity": "this","scores": { "fwg.draw" : 10}}]},
    {"function": "minecraft:set_nbt","tag": "{CustomModelData:1714}","conditions": [{"condition": "minecraft:entity_scores","entity": "this","scores": { "fwg.draw" : 8}}]},
    {"function": "minecraft:set_nbt","tag": "{CustomModelData:1601}","conditions": [{"condition": "minecraft:entity_scores","entity": "this","scores": { "fwg.draw" : 6}}]}
  ]
  