[
  {"function": "minecraft:set_nbt","tag": "{CustomModelData:1301}","conditions": [{"condition": "minecraft:entity_scores","entity": "this","scores": { "fwg.reload" : 18}}]},
  {"function": "minecraft:set_nbt","tag": "{CustomModelData:1302}","conditions": [{"condition": "minecraft:entity_scores","entity": "this","scores": { "fwg.reload" : 16}}]},

  {"function": "minecraft:set_nbt","tag": "{CustomModelData:1303}","conditions": [{"condition": "minecraft:entity_scores","entity": "this","scores": { "fwg.reload" : 14}}]},
  {"function": "minecraft:set_nbt","tag": "{CustomModelData:1304}","conditions": [{"condition": "minecraft:entity_scores","entity": "this","scores": { "fwg.reload" : 12}}]},

  {"function": "minecraft:set_nbt","tag": "{CustomModelData:1401}","conditions": [{"condition": "minecraft:entity_scores","entity": "this","scores": { "fwg.reload" : 9}}]},
  {"function": "minecraft:set_nbt","tag": "{CustomModelData:1402}","conditions": [{"condition": "minecraft:entity_scores","entity": "this","scores": { "fwg.reload" : 8}}]},
  {"function": "minecraft:set_nbt","tag": "{CustomModelData:1403}","conditions": [{"condition": "minecraft:entity_scores","entity": "this","scores": { "fwg.reload" : 7}}]},
  {"function": "minecraft:set_nbt","tag": "{CustomModelData:1404}","conditions": [{"condition": "minecraft:entity_scores","entity": "this","scores": { "fwg.reload" : 5}}]},
  {"function": "minecraft:set_nbt","tag": "{CustomModelData:1405}","conditions": [{"condition": "minecraft:entity_scores","entity": "this","scores": { "fwg.reload" : 3}}]}
]
