[
  {"function": "minecraft:set_nbt","tag": "{CustomModelData:2101}","conditions": [{"condition": "minecraft:entity_scores","entity": "this","scores": { "fwg.draw" : 22}}]},
  {"function": "minecraft:set_nbt","tag": "{CustomModelData:2102}","conditions": [{"condition": "minecraft:entity_scores","entity": "this","scores": { "fwg.draw" : 21}}]},
  {"function": "minecraft:set_nbt","tag": "{CustomModelData:2103}","conditions": [{"condition": "minecraft:entity_scores","entity": "this","scores": { "fwg.draw" : 20}}]},
  {"function": "minecraft:set_nbt","tag": "{CustomModelData:2104}","conditions": [{"condition": "minecraft:entity_scores","entity": "this","scores": { "fwg.draw" : 18}}]},

  {"function": "minecraft:set_nbt","tag": "{CustomModelData:2105}","conditions": [{"condition": "minecraft:entity_scores","entity": "this","scores": { "fwg.draw" : 16}}]},
  {"function": "minecraft:set_nbt","tag": "{CustomModelData:2106}","conditions": [{"condition": "minecraft:entity_scores","entity": "this","scores": { "fwg.draw" : 13}}]},
  {"function": "minecraft:set_nbt","tag": "{CustomModelData:2107}","conditions": [{"condition": "minecraft:entity_scores","entity": "this","scores": { "fwg.draw" : 11}}]},

  {"function": "minecraft:set_nbt","tag": "{CustomModelData:2108}","conditions": [{"condition": "minecraft:entity_scores","entity": "this","scores": { "fwg.draw" : 9}}]},
  {"function": "minecraft:set_nbt","tag": "{CustomModelData:2109}","conditions": [{"condition": "minecraft:entity_scores","entity": "this","scores": { "fwg.draw" : 7}}]},
  {"function": "minecraft:set_nbt","tag": "{CustomModelData:2110}","conditions": [{"condition": "minecraft:entity_scores","entity": "this","scores": { "fwg.draw" : 5}}]},
  {"function": "minecraft:set_nbt","tag": "{CustomModelData:2111}","conditions": [{"condition": "minecraft:entity_scores","entity": "this","scores": { "fwg.draw" : 3}}]},
  {"function": "minecraft:set_nbt","tag": "{CustomModelData:2001}","conditions": [{"condition": "minecraft:entity_scores","entity": "this","scores": { "fwg.draw" : 1}}]}
]
