[
    {"function": "minecraft:set_nbt","tag": "{CustomModelData:2401}","conditions": [{"condition": "minecraft:entity_scores","entity": "this","scores": { "fwg.reload" : 18}}]},
    {"function": "minecraft:set_nbt","tag": "{CustomModelData:2402}","conditions": [{"condition": "minecraft:entity_scores","entity": "this","scores": { "fwg.reload" : 17}}]},
    {"function": "minecraft:set_nbt","tag": "{CustomModelData:2403}","conditions": [{"condition": "minecraft:entity_scores","entity": "this","scores": { "fwg.reload" : 15}}]},

    {"function": "minecraft:set_nbt","tag": "{CustomModelData:2404}","conditions": [{"condition": "minecraft:entity_scores","entity": "this","scores": { "fwg.reload" : 12}}]},
    {"function": "minecraft:set_nbt","tag": "{CustomModelData:2405}","conditions": [{"condition": "minecraft:entity_scores","entity": "this","scores": { "fwg.reload" : 10}}]},
    {"function": "minecraft:set_nbt","tag": "{CustomModelData:2406}","conditions": [{"condition": "minecraft:entity_scores","entity": "this","scores": { "fwg.reload" : 8}}]},

    {"function": "minecraft:set_nbt","tag": "{CustomModelData:2407}","conditions": [{"condition": "minecraft:entity_scores","entity": "this","scores": { "fwg.reload" : 7}}]},
    {"function": "minecraft:set_nbt","tag": "{CustomModelData:2408}","conditions": [{"condition": "minecraft:entity_scores","entity": "this","scores": { "fwg.reload" : 5}}]},
    {"function": "minecraft:set_nbt","tag": "{CustomModelData:2311}","conditions": [{"condition": "minecraft:entity_scores","entity": "this","scores": { "fwg.reload" : 4}}]}
  ]
  