x,y,z,type
32,-15,-44,minecraft:mob_spawner
-19,78,-57,minecraft:beehive
22,-17,-99,minecraft:mob_spawner
34,16,-13,minecraft:mob_spawner
-42,-40,-34,minecraft:mob_spawner
73,-13,-95,minecraft:mob_spawner
-56,16,-9,minecraft:mob_spawner
16,15,9,minecraft:mob_spawner
46,17,28,minecraft:mob_spawner
50,11,32,minecraft:mob_spawner
-12,-3,-176,minecraft:mob_spawner
-104,-52,57,minecraft:mob_spawner
140,-2,-99,minecraft:mob_spawner
-117,-27,49,minecraft:mob_spawner
-133,-39,-113,minecraft:mob_spawner
-64,17,125,minecraft:mob_spawner
