x,y,z,visibility,load_status,entity_count
0,3,0,TICKING,LOADED,1
0,-3,0,TICKING,LOADED,1
-5,-1,-3,TICKING,LOADED,1
-1,-2,2,TICKING,LOADED,1
1,4,-3,TICKING,LOADED,1
1,5,-3,TICKING,LOADED,1
-4,1,6,TRACKED,LOADED,1
-6,-1,-4,TICKING,LOADED,1
-5,3,-2,TICKING,LOADED,1
-3,1,1,TICKING,LOADED,1
-3,-1,-8,TICKING,LOADED,2
-5,-1,-10,TICKING,LOADED,1
-1,0,1,TICKING,LOADED,2
-1,-2,1,TICKING,LOADED,1
-1,-1,1,TICKING,LOADED,1
1,1,-2,TICKING,LOADED,1
1,3,-2,TICKING,LOADED,2
-1,-4,-3,TICKING,LOADED,2
-1,-3,-3,TICKING,LOADED,1
-3,-1,-6,TICKING,LOADED,1
-3,3,-1,TICKING,LOADED,2
-3,-1,-1,TICKING,LOADED,1
-4,-1,-8,TICKING,LOADED,3
2,5,-4,TICKING,LOADED,1
-4,-1,-6,TICKING,LOADED,1
-2,5,-9,TICKING,LOADED,2
4,0,3,TICKING,LOADED,1
-4,1,-4,TICKING,LOADED,1
9,0,-8,TICKING,LOADED,1
0,-4,-3,TICKING,LOADED,5
0,1,-1,TICKING,LOADED,1
0,-3,-1,TICKING,LOADED,2
-10,-2,-8,TRACKED,LOADED,1
-10,-1,-8,TRACKED,LOADED,6
1,-2,-7,TICKING,LOADED,1
-1,0,-6,TICKING,LOADED,1
-1,3,-1,TICKING,LOADED,4
6,1,0,TICKING,LOADED,1
-3,3,-2,TICKING,LOADED,1
3,1,1,TICKING,LOADED,1
-8,1,4,TICKING,LOADED,1
-5,1,-5,TICKING,LOADED,1
-3,-1,-9,TICKING,LOADED,2
2,1,-5,TICKING,LOADED,1
2,6,-5,TICKING,LOADED,1
-4,1,7,TRACKED,LOADED,2
1,5,-5,TICKING,LOADED,4
1,-2,-5,TICKING,LOADED,3
3,3,-3,TICKING,LOADED,1
5,-1,-3,TICKING,LOADED,3
3,3,-4,TICKING,LOADED,3
-4,-1,-9,TICKING,LOADED,1
0,5,-6,TICKING,LOADED,2
-4,1,-5,TICKING,LOADED,1
-11,-1,-9,TRACKED,LOADED,6
-2,-3,-4,TICKING,LOADED,1
-2,-1,-4,TICKING,LOADED,1
0,1,-2,TICKING,LOADED,1
-7,3,-3,TICKING,LOADED,3
5,-1,-4,TICKING,LOADED,1
3,-2,-8,TICKING,LOADED,1
-5,-1,-4,TICKING,LOADED,2
1,5,-4,TICKING,LOADED,1
11,0,-5,TRACKED,LOADED,1
-1,-4,-4,TICKING,LOADED,5
-1,4,-5,TICKING,LOADED,1
-3,1,-5,TICKING,LOADED,2
10,0,-7,TRACKED,LOADED,1
1,-1,-8,TICKING,LOADED,2
-4,1,-2,TICKING,LOADED,1
-4,3,-2,TICKING,LOADED,4
-4,-2,-2,TICKING,LOADED,1
-10,-1,-9,TRACKED,LOADED,6
-2,1,-3,TICKING,LOADED,1
-2,-1,-1,TICKING,LOADED,1
2,1,2,TICKING,LOADED,1
-6,3,-3,TICKING,LOADED,1
-6,-1,-3,TICKING,LOADED,2
-1,-1,-7,TICKING,LOADED,4
1,5,-6,TICKING,LOADED,1
1,-2,-6,TICKING,LOADED,5
0,-1,-7,TICKING,LOADED,1
1,1,-1,TICKING,LOADED,1
-1,3,0,TICKING,LOADED,4
-1,-1,0,TICKING,LOADED,1
10,0,-6,TRACKED,LOADED,1
-3,0,-4,TICKING,LOADED,1
3,1,2,TICKING,LOADED,1
-3,0,-3,TICKING,LOADED,1
-3,1,-3,TICKING,LOADED,4
-3,3,-3,TICKING,LOADED,2
-3,-2,-3,TICKING,LOADED,1
-4,0,-3,TICKING,LOADED,1
-4,3,-3,TICKING,LOADED,1
-4,-1,-3,TICKING,LOADED,1
-4,-1,-7,TICKING,LOADED,3
-2,-1,-6,TICKING,LOADED,1
-2,1,-2,TICKING,LOADED,1
-2,-4,-2,TICKING,LOADED,1
2,5,-3,TICKING,LOADED,1
8,2,5,TICKING,LOADED,3
