x,y,z,uuid,type,alive,display_name,custom_name
20.13126338967919,94.0,-64.08455859763474,1564b292-3141-47dd-aab4-3a9bbb65e5bf,minecraft:chicken,true,Chicken,[null]
23.689547031687116,93.0,-73.76379308715174,9e2bb134-534d-43fd-aa2a-a842c9136736,minecraft:sheep,true,Sheep,[null]
18.779111647375284,93.0,-71.82601251864385,cb12b388-4463-442a-b6b0-51cfd2da8d1d,minecraft:sheep,true,Sheep,[null]
18.15982313089325,-17.0,-72.35921110729238,8553856d-2498-4a4f-b0ea-b4ea0c2b8d8b,minecraft:creeper,true,Creeper,[null]
16.39814668157741,-17.0,-71.30000001192093,9897aba2-8490-4aec-acbb-405e680d1a12,minecraft:zombie,true,Zombie,[null]
18.203207961337576,94.0,-68.10858225098369,4021891f-0863-4555-9163-e96f23aa8aea,minecraft:chicken,true,Chicken,[null]
17.137495732190597,92.0,-60.87652963809788,d4be24ea-b2c1-4555-a331-5ca80b74ec70,minecraft:chicken,true,Chicken,[null]
-8.818178867969221,-51.0,-62.18185778524637,2640ec7d-f8a9-4017-9406-4487d582c63f,minecraft:skeleton,true,Skeleton,[null]
-10.699999988079071,-51.0,-57.002589537318826,57fb77bb-c1da-4bb7-a222-624cd09f961c,minecraft:skeleton,true,Skeleton,[null]
-11.264027693773766,-50.0,-58.520771561881354,e6c67651-87a9-47c6-9b29-d77685286356,minecraft:skeleton,true,Skeleton,[null]
-4.217080781726827,-48.9770414512793,-53.432190285192064,aabb4d53-e5b5-4275-bae9-b514cca30c40,minecraft:bat,true,Bat,[null]
4.835790086020552,-48.809021962936605,-46.53402992359078,d31b08d4-1314-4d13-9269-c2c202e5619a,minecraft:bat,true,Bat,[null]
-19.261244351928962,-15.0,-62.49999502970992,28810032-d5df-49f6-8087-08757b0973c9,minecraft:zombie,true,Zombie,[null]
24.323493578760033,79.0,-42.51986713160787,21944dad-1604-47b0-b917-d7ce65c6890e,minecraft:pig,true,Pig,[null]
22.2923168104803,81.0,-45.484006274426655,b327bb2f-52bb-42a1-9588-fbd32eeb06a2,minecraft:pig,true,Pig,[null]
6.275824142918105,-49.0,-35.49895430449259,aa0fc470-6e47-473d-bd73-7dd7fddc7e3d,minecraft:skeleton,true,Skeleton,[null]
6.223333449917667,-50.0,-43.842158001642424,5986dc1f-ed74-4f8c-a966-82850ed4a164,minecraft:creeper,true,Creeper,[null]
12.2510932810979,-50.0,-43.791413233583405,469b46af-bd7e-4f06-bb09-9ae7ac77f59c,minecraft:skeleton,true,Skeleton,[null]
8.322945932040632,-49.0,-36.5037854316996,2ae9e33f-e177-486f-bef5-949979cc3a52,minecraft:skeleton,true,Skeleton,[null]
-3.6756697257976367,-47.74523147591574,-45.83301046551524,95b4edaf-939d-4baf-8248-1f520303b676,minecraft:bat,true,Bat,[null]
-0.43041100824876016,-50.0,-42.29753035828595,253df43c-842e-44e1-aeb0-efafc025466b,minecraft:skeleton,true,Skeleton,[null]
-8.239089424305416,-51.0,-53.17675316269491,07847f04-6945-40b0-a7e8-4943d7fea82e,minecraft:skeleton,true,Skeleton,[null]
-11.24195503060317,-50.0,-34.757987204444944,9481bf32-1738-480c-b6f6-9ebe35a12a26,minecraft:skeleton,true,Skeleton,[null]
-10.400000005960464,9.582075438462198,-82.59999999403954,28d25da0-c539-4ff1-b54b-a4d7c012d6a4,minecraft:glow_squid,true,Glow Squid,[null]
9.94299930001561,90.0,-86.05706817453402,06876de6-0315-4b4f-adc8-d2480f271b72,minecraft:chicken,true,Chicken,[null]
11.152314755211183,91.0,-83.79608867549175,1136609d-36c3-4056-816a-ce62abe1969c,minecraft:sheep,true,Sheep,[null]
10.699999988079071,-15.899999976158142,-97.30000001192093,03b8c03e-b4ef-42b0-b0d8-70c6829effac,minecraft:spider,true,Spider,[null]
24.79871574294133,90.0,-94.20142858559407,378fb01d-aa88-4090-b5e1-fd7d6834169e,minecraft:sheep,true,Sheep,[null]
18.49279484913487,-17.0,-88.07499998807907,42952fbb-3fbc-4fdd-a494-68f06f38246d,minecraft:skeleton,true,Skeleton,[null]
18.499957629498706,-17.0,-86.66510815651264,d273f389-bf6e-4c5d-91c1-07fc33a0707b,minecraft:skeleton,true,Skeleton,[null]
17.184720480253986,-17.0,-82.737277250776,c2ab1d0c-d8ce-4982-9f54-99adf5e8cec4,minecraft:creeper,true,Creeper,[null]
17.494151118510384,-17.0,-74.80472078285803,bb44799d-848e-4be7-9240-b54f3d5e7cac,minecraft:creeper,true,Creeper,[null]
18.491799364364173,-17.0,-87.41053683636217,a99e4219-6129-4f9d-9ae0-14e38b79ba0e,minecraft:skeleton,true,Skeleton,[null]
17.502441567675405,-17.0,-97.33155801542145,d31bda70-53a0-4db1-b81d-f88f9e8909b5,minecraft:skeleton,true,Skeleton,[null]
17.15101115028255,-17.0,-82.12828971357986,821d6e38-0993-4e72-8b91-95830b31f651,minecraft:creeper,true,Creeper,[null]
34.5,20.0625,-75.5,c8f7fd0d-3ae9-4a7d-a3b4-e7e9bd8dfd5c,minecraft:chest_minecart,true,Minecart with Chest,[null]
35.91716377994036,96.0,-71.91719056919327,aaee956d-8ba0-47a1-a459-f0d0c7acc7a2,minecraft:spider,true,Spider,[null]
35.51809738568432,82.0,-50.253025039341956,cb2a4f3f-bc92-4267-b140-53dfb7200cc2,minecraft:pig,true,Pig,[null]
41.26520360602465,82.0,-47.51178143060072,6ccb25ed-83d3-4332-be5a-75a1f63f2544,minecraft:pig,true,Pig,[null]
-11.343237594497198,72.11232525324324,-79.98200785030893,ff886636-26dc-4c54-9e66-73bfb92f2f39,minecraft:bee,true,Bee,[null]
-22.79891110779197,-40.0,-58.57649153444356,9867ee58-807c-4397-91e0-7b8961ffa8f4,minecraft:creeper,true,Creeper,[null]
-17.5,20.0,-43.5,7ee36fa0-3b97-4bfc-a29d-3b8cda77250f,minecraft:zombie,true,Zombie,[null]
-23.85955235792151,-51.67451791414366,-22.851462264316684,d83c34a3-3fbe-4b53-be58-c93b32fae84d,minecraft:bat,true,Bat,[null]
21.707685401770753,20.0,-17.499935391052247,96e79d87-30df-419b-9c9a-be0908d161b8,minecraft:zombie,true,Zombie,[null]
14.536868873553471,20.0,-17.25468693120165,19c26646-8245-46f3-bf77-22589b5565a1,minecraft:zombie,true,Zombie,[null]
-17.5,19.0625,-19.5,b5e7a4ec-0bf4-454c-98f3-862ece619bc7,minecraft:chest_minecart,true,Minecart with Chest,[null]
-2.9281291717261495,-13.0,-111.30000001192093,fcd9c547-8ca9-4051-89e1-695b80b5dd57,minecraft:spider,true,Spider,[null]
-5.80294292854895,-13.0,-110.50957261890596,0fdc86fb-d9ad-4b9b-8f7f-d7e63b0b32ce,minecraft:zombie,true,Zombie,[null]
-0.5556053366994333,-13.0,-109.79213708544465,fb5f4b7d-8f03-4e45-afd3-16c54eac71c3,minecraft:zombie,true,Zombie,[null]
-0.47039499669498547,-13.0,-111.23479212882437,11c3e0e1-a04d-4720-9892-94c12bdfd60d,minecraft:skeleton,true,Skeleton,[null]
62.22975875553328,55.0,-49.2464397325978,c616b59c-7a07-49ad-a27e-b9c1e86e7c44,minecraft:cod,true,Cod,[null]
61.415454085715034,55.474166396799,-49.415896088820475,5854b352-386e-40ea-8c96-77f8eac3f8b1,minecraft:cod,true,Cod,[null]
63.49432982615916,55.734770649825606,-47.75622971030333,7f6407e7-e967-444b-8107-dd67e48acf45,minecraft:cod,true,Cod,[null]
62.721028984604985,55.0,-50.881286515554415,98e999d7-fac7-4d51-9a79-8c4b36f6a580,minecraft:cod,true,Cod,[null]
-29.81919882146228,-9.0,-89.76443349845022,e4cfe87f-caae-47b4-ba5b-fab20fcbe971,minecraft:creeper,true,Creeper,[null]
-46.02179077361678,21.0,-72.1361939063231,97a03082-e441-4a31-bea5-d31d674e85b1,minecraft:creeper,true,Creeper,[null]
-53.221899663998755,21.0,-66.47157651710849,e242fd58-7f89-459d-a03e-07bd7f4e98f3,minecraft:creeper,true,Creeper,[null]
-46.21751724139619,21.0,-73.07499998807907,d0a84121-fe0b-4a97-99fe-097a295fba3c,minecraft:creeper,true,Creeper,[null]
-43.75,-3.9678320475218376,-81.78640820783177,738354ed-8c4b-45d4-aa44-df82950e16ca,minecraft:bat,true,Bat,[null]
-42.400000005960464,0.8075584853067994,-45.400000005960464,d0b1e119-6993-4781-ae78-a8ae45bed25a,minecraft:glow_squid,true,Glow Squid,[null]
-40.936526868492365,2.3059554416686296,-48.599999994039536,19284e67-571c-485b-a311-fe6c3fb712a1,minecraft:glow_squid,true,Glow Squid,[null]
-52.599999994039536,1.3229666401166469,-39.199110471177846,82267d7e-4829-4e38-917f-60cfda2cd9df,minecraft:glow_squid,true,Glow Squid,[null]
-41.5,21.0625,-32.5,854ffc5b-4a3e-4210-8b6b-3ebf13d8102d,minecraft:chest_minecart,true,Minecart with Chest,[null]
-46.23975821708034,17.0,-37.51127625552749,77be1cc7-b8fb-4c7e-b86b-af77275d7d86,minecraft:skeleton,true,Skeleton,[null]
-36.74293528702975,17.0,-36.529190598839826,b25885cf-5b45-4503-b3eb-b2e6050d2535,minecraft:zombie,true,Zombie,[null]
-33.969402385652764,17.0,-39.52868652003107,4b2167db-b2f6-4d0b-a4b1-96c37ea641fa,minecraft:zombie,true,Zombie,[null]
-37.28285334621749,52.07729553661514,-32.04057507411701,870efb63-1433-4c17-b052-0c0458c08f8e,minecraft:cod,true,Cod,[null]
-38.40572071669546,51.083225153897786,-32.47156958630503,4e8151fb-9474-4670-9554-920d9b4dadf2,minecraft:cod,true,Cod,[null]
-61.09575547420273,-25.364357272706783,-20.55863949333736,88024a50-c205-44a5-9a4b-7a48c00619e1,minecraft:bat,true,Bat,[null]
16.475028360973383,20.0,-12.282706550723168,29061255-6b72-4e1f-b57a-3cb52dea0d14,minecraft:zombie,true,Zombie,[null]
14.533576601368459,20.0,-15.745124436982714,c8a3c3f7-7c86-4685-a3ef-19aa52cc6ffa,minecraft:zombie,true,Zombie,[null]
23.61038669810464,56.05749091565881,-16.416387031099276,1e79797c-d5e0-46d0-b679-80cca72dbce7,minecraft:cod,true,Cod,[null]
22.859840768898113,55.57559442908574,-16.716598735297882,231db84b-fb03-42bb-845c-a29872697fff,minecraft:cod,true,Cod,[null]
-2.1040254677973675,57.500283760011406,-0.566415978859191,aa052a2d-d856-40b7-ba2c-49e374966e6f,minecraft:cod,true,Cod,[null]
-1.0557486113402899,57.9858392694701,0.7684778592463857,22e02ae1-a53e-4276-a19d-9e6df69a5aa8,minecraft:cod,true,Cod,[null]
6.481189477276696,-43.0,-13.294364409832697,b358f8c7-9452-4c76-af38-0ca315cb1ecb,minecraft:skeleton,true,Skeleton,[null]
0.9778716812899628,-43.0,-2.9362397728522347,c5abf4a3-eb2c-45df-b259-462d7d456b04,minecraft:skeleton,true,Skeleton,[null]
-3.484275712664006,57.88781719842207,0.5639544966134438,c88abc0d-e656-4137-902f-65d68d98f717,minecraft:cod,true,Cod,[null]
-2.7875526240811808,58.15952587418349,-0.36288613226788313,7d9a7348-036e-4c09-8651-b55aa96f9456,minecraft:cod,true,Cod,[null]
-4.558065199727812,60.89403984545866,-8.66468987005681,f9415514-fdda-4cbe-b7af-a742d1b877aa,minecraft:cod,true,Cod,[null]
-2.027912337800447,58.58858839400272,0.50549667715388,c38d462c-7e1a-42a8-8ea4-2f67031f9875,minecraft:cod,true,Cod,[null]
-4.101366989110914,57.50337601686712,1.8068999297359798,bfc89020-b135-40dc-ba53-5a6e9e15c49f,minecraft:cod,true,Cod,[null]
-2.2599667240293644,58.46060356175268,-0.7424251025167689,442a86e0-1d2e-409e-8b68-b72b7b66453a,minecraft:cod,true,Cod,[null]
-32.49025916357857,-11.0,-10.191902457831306,0eb9ddcf-ea4c-489b-9e5f-95ad3ee59457,minecraft:zombie,true,Zombie,[null]
-26.69999998807907,-13.0,-8.573476910109855,bf98fc2d-7bae-419c-9269-c09c1cdb67fa,minecraft:zombie,true,Zombie,[null]
-45.7333504694322,61.14269829391994,-5.660911850198677,38813376-a668-4cad-beb2-dd88bcaa3d50,minecraft:dolphin,true,Dolphin,[null]
-47.56089090630533,50.87669194683338,-5.604786432865031,6af595f7-2921-4949-a5cd-2f6e7d61e1a2,minecraft:dolphin,true,Dolphin,[null]
-41.28919268187191,-10.0,-114.26660421570122,ddacf623-957e-4d76-beaf-9af508fb0ce3,minecraft:skeleton,true,Skeleton,[null]
-53.594750150257454,-7.0,-126.24882190281055,7497963c-f626-481c-b3ef-de14e29d6992,minecraft:skeleton,true,Skeleton,[null]
17.5,-13.9375,-121.5,b7df6bb0-7352-4841-a01d-3721730da63e,minecraft:chest_minecart,true,Minecart with Chest,[null]
19.498801326663866,-3.0,-121.78735237720934,0d74d646-d2ef-4080-9bac-e25399e0103e,minecraft:skeleton,true,Skeleton,[null]
48.5,-20.9375,-112.5,25decf55-12d8-4a8d-b16d-2238afa0f409,minecraft:chest_minecart,true,Minecart with Chest,[null]
-52.98456194199786,-9.850308980447917,-117.11109882093487,5deae943-b476-4855-93ba-0fc662ed1f26,minecraft:bat,true,Bat,[null]
-59.72676512064179,-8.0,-99.5,8a95471e-6d12-45e8-a58c-c98ac829e72c,minecraft:skeleton,true,Skeleton,[null]
-53.77855339489836,-8.0,-98.77549522509402,693fd3da-1094-4e42-a0a1-a194967febeb,minecraft:skeleton,true,Skeleton,[null]
-54.756518474754124,-8.0,-100.23434936597248,5c99ccde-af00-490e-a790-0f6d9cf73748,minecraft:skeleton,true,Skeleton,[null]
-52.0702671386558,20.999527697569192,-63.55580484617097,79acb6be-78a8-49a3-9a7e-b89200815b21,minecraft:bat,true,Bat,[null]
-49.34449713979848,-1.625998484203592,-41.760309455450624,6c937b1b-f13c-4628-a49d-cecddbff7463,minecraft:glow_squid,true,Glow Squid,[null]
-52.95242113696058,56.681588901205835,-46.293149954455,2e495c7f-aa0a-46fe-adcd-826a4917353e,minecraft:cod,true,Cod,[null]
-46.175777468001996,-31.198344805365785,-43.81851287767286,a5504b22-04a5-45e2-8024-a708af6e8339,minecraft:bat,true,Bat,[null]
-53.5,20.0625,-27.5,3f50ef3f-4397-4861-93cb-01bb5bfbc4f8,minecraft:chest_minecart,true,Minecart with Chest,[null]
-57.48069354641515,56.951240532462506,-28.61594006582925,50fb861f-f531-4cff-843c-5a078bdd8beb,minecraft:cod,true,Cod,[null]
-55.62351136954602,55.990428131802,-27.824697457402042,6e3ffedc-fade-4d78-8b77-cfc46a8b5e00,minecraft:cod,true,Cod,[null]
-44.05839205556755,61.64620764061699,-16.197578435685017,9f40daf4-b941-4c02-843b-00214e0c7132,minecraft:dolphin,true,Dolphin,[null]
-56.47153043159912,55.352483196396676,-28.61288540205987,27a23afb-279e-4def-a7b0-ea8a43372c7a,minecraft:cod,true,Cod,[null]
-53.426246851025766,53.98863443865962,-31.55839232019501,d08bc7e2-3c25-4e31-8e28-3e7e2cb5c5fa,minecraft:cod,true,Cod,[null]
10.11089411855518,55.01886367453554,4.890791537724485,42195cc6-0c09-4ee9-8343-5c81e2da0071,minecraft:cod,true,Cod,[null]
2.5193427175446512,-40.0,1.206694678875354,1013a9e4-7757-4b93-a36f-05ca3fee5495,minecraft:skeleton,true,Skeleton,[null]
-14.466362075411194,-13.0,2.2120566166140736,935257d1-4bae-45e3-9e82-eb6a62161348,minecraft:skeleton,true,Skeleton,[null]
-49.6619751133116,-8.0,-128.38845992249057,60070513-dc34-46f0-8e28-bb620bf29478,minecraft:creeper,true,Creeper,[null]
-44.379515280334545,-9.0,-127.35751648055188,ea2aaae1-efe9-445a-a4d2-0fa4afd8efdd,minecraft:zombie,true,Zombie,[null]
-43.30255631598862,-6.0,-129.5136887851582,c4a8fe97-c14a-4948-afd4-e1955f72e5f0,minecraft:skeleton,true,Skeleton,[null]
-46.647124460916054,-8.0,-128.79775804194028,640656b3-181e-43fc-8c16-76435794c5f3,minecraft:skeleton,true,Skeleton,[null]
-22.0,89.0,-132.0,5ed34d07-cee8-431a-a2d3-50eac81e291d,minecraft:chicken,true,Chicken,[null]
-23.851892329852806,83.0,-132.42292200822064,f70d1ebf-dfb0-4f29-8554-fd047a8bc8f0,minecraft:chicken,true,Chicken,[null]
89.97430666394268,-5.0,-45.30000001192093,a7e99b2d-e930-47a8-8cfd-3a9709493c9c,minecraft:zombie,true,Zombie,[null]
81.5,-6.9375,-40.5,e7cd642c-b606-4576-b546-43b1825d8b74,minecraft:chest_minecart,true,Minecart with Chest,[null]
90.62145807751438,-5.0,-46.559458559970444,cc6a1147-1021-4a0d-9941-a5b75772ad8b,minecraft:zombie,true,Zombie,[null]
87.82479531665486,-5.0,-48.2393432225478,a4ddea9f-a393-49ab-973c-aa1bbe5f51c8,minecraft:creeper,true,Creeper,[null]
-65.61577842264354,-13.079035600256683,-145.69363411947228,f1cc3620-acb4-4b13-97a5-dbe0fc6261bc,minecraft:bat,true,Bat,[null]
-57.380307777191256,-9.958228666103583,-118.25,2b82524e-3608-4ee9-ba38-9cddbebd585e,minecraft:bat,true,Bat,[null]
-61.77395891671483,-8.0,-94.18374324727165,e7fb486a-fe6a-4e6d-b7b3-a52cbc9832d2,minecraft:skeleton,true,Skeleton,[null]
-74.5,20.0,-76.74114624304765,ec7e1892-835a-45ec-aafa-8ffec3aee025,minecraft:zombie,true,Zombie,[null]
-74.5,-6.0,-49.5,62a71440-3052-4881-8dea-0588a458c313,minecraft:zombie,true,Zombie,[null]
-74.79901801871183,-8.0,-39.73994980740477,7fa73f08-ed59-4b70-932d-7cda2af34eb5,minecraft:zombie,true,Zombie,[null]
-74.15612717440888,58.50323410004795,-18.4617332885634,515484a1-52cd-4b4d-96d5-70503e9a6c8f,minecraft:dolphin,true,Dolphin,[null]
46.25,18.745900610947576,33.49615461952452,eb586ffe-f5bc-43c9-aec6-646594c02758,minecraft:bat,true,Bat,[null]
-14.245605072024944,6.0,22.27172858434239,4bf7abc8-2e8a-4a3a-af8d-bf21ac20b55b,minecraft:skeleton,true,Skeleton,[null]
-13.5,6.0,18.5,d9f28330-30ad-4966-8ddf-a696b7f0c8d0,minecraft:spider,true,Spider,[null]
-2.5,-19.0,29.5,36e0fd4b-71fa-4c7d-8459-ed8202dacc44,minecraft:skeleton,true,Skeleton,[null]
-0.7683670174514684,-10.0,23.175874414870183,195572bc-3c83-4f70-99a6-576f9f3439b2,minecraft:skeleton,true,Skeleton,[null]
-46.69999999925494,17.100000023841858,17.23901249183139,843cfe55-b7ed-4556-bdf2-0081bd476259,minecraft:bat,true,Bat,[null]
96.5,16.0,7.5,7a04039b-59aa-4f6d-b17f-02aad9c6a2f1,minecraft:zombie,true,Zombie,[null]
-85.30939618569381,-6.0,-52.3273880286785,a7ab2c58-1dfd-4105-b54d-feea51b6cdcf,minecraft:skeleton,true,Skeleton,[null]
-70.44861006443837,-1.5978075379863148,-50.89095000321269,bd67d742-9088-455d-b9f7-da1e6ea3b855,minecraft:bat,true,Bat,[null]
-99.65249057579786,51.22097071260214,-34.25758397299796,763002a5-60a7-4fd9-9b07-0ba6afab57cd,minecraft:squid,true,Squid,[null]
-88.21470186403431,-8.0,-38.82996577295081,dfe40a47-1d47-4a48-a672-3c24b5dde9a1,minecraft:zombie,true,Zombie,[null]
-94.19488243902865,-8.0,-39.736457303230296,8a40ca86-9d44-439a-ad78-89b86ed68c9c,minecraft:zombie,true,Zombie,[null]
49.05928131611157,19.100000023841858,32.30033890740813,9f8b42e6-477d-4be4-b9fb-6b32d25a168f,minecraft:bat,true,Bat,[null]
48.54670894850508,18.020848378080434,31.25,297274d2-88d4-45ed-9638-e543724c605b,minecraft:bat,true,Bat,[null]
-6.266382449511455,-17.0,32.511553509619056,da4580dc-0d60-4518-b6fd-6667d5723ac3,minecraft:skeleton,true,Skeleton,[null]
75.5,10.0625,50.5,6cf72192-bd22-48b6-966d-384ef3dda5c2,minecraft:chest_minecart,true,Minecart with Chest,[null]
-93.35132189998264,56.09800828574225,-35.93554809626725,173e5226-27c1-4e74-9aa6-2557cb0a464c,minecraft:squid,true,Squid,[null]
-99.46765387780033,50.8569881147705,-40.28803638694808,e15c52e7-a467-4e15-9690-2c257023a6cb,minecraft:squid,true,Squid,[null]
-100.0272552900011,50.829156363150105,-38.76089061250475,59cdd84f-848d-453d-b88b-fc90b073233c,minecraft:squid,true,Squid,[null]
-119.5,28.0625,71.5,856cc531-1857-45a1-a11d-9c52d43eac6a,minecraft:chest_minecart,true,Minecart with Chest,[null]
159.5,3.0625,-112.5,6521c8fe-11bc-4bf3-8d02-4f4ec8060470,minecraft:chest_minecart,true,Minecart with Chest,[null]
162.5,2.0625,-97.5,14a86b1d-e19e-41c4-9067-101682591675,minecraft:chest_minecart,true,Minecart with Chest,[null]
162.5,2.0625,-92.5,d40f60cc-7ceb-40b3-88e0-0f17bc4d19be,minecraft:chest_minecart,true,Minecart with Chest,[null]
181.5,2.5,-76.5,6dfe7db7-7090-4f71-b1cf-59384edc3aa7,minecraft:chest_minecart,true,Minecart with Chest,[null]
-156.43909923068475,-17.222550193440924,-119.10686811519557,5938b69e-8475-4b2b-8c58-5ed07c29925d,minecraft:item,true,Flowering Azalea,[null]
-157.99190185086965,-14.989843082959172,-126.20704832111723,198af8b2-dff8-4a90-a462-5c48b483f144,minecraft:item,true,Moss Carpet,[null]
-156.70424341818807,-15.374703137230625,-124.67783597453109,6e4bcd63-cbf4-4cc9-878e-7ab216040647,minecraft:item,true,Moss Carpet,[null]
-155.8523145672475,-15.999499999976251,-123.18804662377165,bd5a4c6b-469b-4af1-bf62-4df0d01b273f,minecraft:item,true,Wheat Seeds,[null]
-157.9146480417477,-15.930197023573127,-121.37759214751702,d5c8bf00-c292-4339-8206-2de4c20cf81d,minecraft:item,true,Moss Carpet,[null]
-155.73603341711168,-16.0,-122.29554788867388,f43a336f-81ca-40f9-ac5f-b8a73d7f0d2c,minecraft:item,true,Moss Carpet,[null]
-157.54527250471963,-14.99850999992923,-127.33736786716975,f0cc2391-5499-41b8-9f11-690274caa9d0,minecraft:item,true,Moss Carpet,[null]
-160.6067685541915,-14.39991876234019,-131.36363109331995,09b13d33-38e1-4f5e-831d-61d72fca50fc,minecraft:item,true,Wheat Seeds,[null]
-160.40914940096928,-14.829104178213937,-132.33854740221713,23f40302-2ff2-45a2-affa-f8d87754a9ed,minecraft:item,true,Moss Carpet,[null]
-160.51007096741458,-14.407561547717592,-130.6849513258104,f0efb09e-39d9-4f67-9d41-ca57cbf20697,minecraft:item,true,Wheat Seeds,[null]
-160.39531393462508,-14.46489384899403,-129.54309388204584,4c18c86e-317a-4c39-8262-51c317e93a2c,minecraft:item,true,Flowering Azalea,[null]
-160.42105447350923,-14.757872654451509,-128.44682168377605,01b8f532-ed83-4f27-b24f-7004c908d89b,minecraft:item,true,Moss Carpet,[null]
-160.01020583788667,-14.999499999976251,-128.63725871320656,92399d46-b780-4e79-a7a7-7ba0a4afb881,minecraft:item,true,Azalea,[null]
131.84999999403954,33.0,94.5,7702bd8d-6a9a-49db-80bb-3f93675a0841,minecraft:drowned,true,Drowned,[null]
130.125,33.75,94.875,e1d14aab-9a07-4625-adba-a3becc77480f,minecraft:item,true,Feather,[null]
130.51526334468963,33.75,94.875,26160686-b38c-4a70-825e-ed20883ac79f,minecraft:item,true,Raw Chicken,[null]
-56.5,17.0625,96.5,9c15a87d-7a3a-40d7-8d0c-20b527052780,minecraft:chest_minecart,true,Minecart with Chest,[null]
-63.5,17.5,112.5,664bd1cc-9b33-4802-874a-eeae1b883ba3,minecraft:chest_minecart,true,Minecart with Chest,[null]
-51.5,17.5,125.5,af9d7f37-2768-4d0a-a63a-30700b9662a0,minecraft:chest_minecart,true,Minecart with Chest,[null]
-157.45296637889416,-13.423301042314401,-131.089507910932,b601b69d-5377-4f0c-8d8f-405a33d7fb30,minecraft:item,true,Wheat Seeds,[null]
-158.2539847192095,-15.0,-130.04919134214114,c9e5877c-b26d-458d-accd-eba4866b4cc5,minecraft:item,true,Moss Carpet,[null]
-157.2771947869476,-14.995211215659022,-132.11629871768773,2a152a61-7f1a-430c-850e-7c2225e1e40f,minecraft:item,true,Moss Carpet,[null]
-158.91428865971636,-14.999499999976251,-132.875,5a050647-0a85-4e5c-a4ea-fee204ebb9a4,minecraft:item,true,Wheat Seeds,[null]
-159.57598160847317,-15.0,-130.8620518586998,4376b7ff-2e40-4647-a071-c2628a607da6,minecraft:item,true,Wheat Seeds,[null]
-158.7979729319141,-14.995099003767216,-128.0287276234139,ac4987df-c2fe-4cbb-976a-88e5231b9c62,minecraft:item,true,Wheat Seeds,[null]
