[
  {"function": "minecraft:set_nbt","tag": "{CustomModelData:3201}","conditions": [{"condition": "minecraft:entity_scores","entity": "this","scores": { "fwg.draw" : 29}}]},
  {"function": "minecraft:set_nbt","tag": "{CustomModelData:3202}","conditions": [{"condition": "minecraft:entity_scores","entity": "this","scores": { "fwg.draw" : 27}}]},
  {"function": "minecraft:set_nbt","tag": "{CustomModelData:3203}","conditions": [{"condition": "minecraft:entity_scores","entity": "this","scores": { "fwg.draw" : 25}}]},
  {"function": "minecraft:set_nbt","tag": "{CustomModelData:3204}","conditions": [{"condition": "minecraft:entity_scores","entity": "this","scores": { "fwg.draw" : 22}}]},

  {"function": "minecraft:set_nbt","tag": "{CustomModelData:3205}","conditions": [{"condition": "minecraft:entity_scores","entity": "this","scores": { "fwg.draw" : 18}}]},
  {"function": "minecraft:set_nbt","tag": "{CustomModelData:3206}","conditions": [{"condition": "minecraft:entity_scores","entity": "this","scores": { "fwg.draw" : 15}}]},
  {"function": "minecraft:set_nbt","tag": "{CustomModelData:3207}","conditions": [{"condition": "minecraft:entity_scores","entity": "this","scores": { "fwg.draw" : 12}}]},
  {"function": "minecraft:set_nbt","tag": "{CustomModelData:3208}","conditions": [{"condition": "minecraft:entity_scores","entity": "this","scores": { "fwg.draw" : 10}}]},
  {"function": "minecraft:set_nbt","tag": "{CustomModelData:3209}","conditions": [{"condition": "minecraft:entity_scores","entity": "this","scores": { "fwg.draw" : 8}}]},

  {"function": "minecraft:set_nbt","tag": "{CustomModelData:3210}","conditions": [{"condition": "minecraft:entity_scores","entity": "this","scores": { "fwg.draw" : 6}}]},
  {"function": "minecraft:set_nbt","tag": "{CustomModelData:3211}","conditions": [{"condition": "minecraft:entity_scores","entity": "this","scores": { "fwg.draw" : 4}}]},
  {"function": "minecraft:set_nbt","tag": "{CustomModelData:3212}","conditions": [{"condition": "minecraft:entity_scores","entity": "this","scores": { "fwg.draw" : 2}}]},
  {"function": "minecraft:set_nbt","tag": "{CustomModelData:3002}","conditions": [{"condition": "minecraft:entity_scores","entity": "this","scores": { "fwg.draw" : 1}}]}
]
