[
    {"function": "minecraft:set_nbt","tag": "{CustomModelData:4301}","conditions": [{"condition": "minecraft:entity_scores","entity": "this","scores": { "fwg.reload" : 110}}]},
    {"function": "minecraft:set_nbt","tag": "{CustomModelData:4302}","conditions": [{"condition": "minecraft:entity_scores","entity": "this","scores": { "fwg.reload" : 109}}]},
    {"function": "minecraft:set_nbt","tag": "{CustomModelData:4303}","conditions": [{"condition": "minecraft:entity_scores","entity": "this","scores": { "fwg.reload" : 107}}]},
    {"function": "minecraft:set_nbt","tag": "{CustomModelData:4304}","conditions": [{"condition": "minecraft:entity_scores","entity": "this","scores": { "fwg.reload" : 106}}]},
    {"function": "minecraft:set_nbt","tag": "{CustomModelData:4305}","conditions": [{"condition": "minecraft:entity_scores","entity": "this","scores": { "fwg.reload" : 105}}]},
    {"function": "minecraft:set_nbt","tag": "{CustomModelData:4306}","conditions": [{"condition": "minecraft:entity_scores","entity": "this","scores": { "fwg.reload" : 103}}]},
    {"function": "minecraft:set_nbt","tag": "{CustomModelData:4307}","conditions": [{"condition": "minecraft:entity_scores","entity": "this","scores": { "fwg.reload" : 101}}]},

    {"function": "minecraft:set_nbt","tag": "{CustomModelData:4308}","conditions": [{"condition": "minecraft:entity_scores","entity": "this","scores": { "fwg.reload" : 96}}]},
    {"function": "minecraft:set_nbt","tag": "{CustomModelData:4309}","conditions": [{"condition": "minecraft:entity_scores","entity": "this","scores": { "fwg.reload" : 95}}]},

    {"function": "minecraft:set_nbt","tag": "{CustomModelData:4310}","conditions": [{"condition": "minecraft:entity_scores","entity": "this","scores": { "fwg.reload" : 93}}]},
    {"function": "minecraft:set_nbt","tag": "{CustomModelData:4311}","conditions": [{"condition": "minecraft:entity_scores","entity": "this","scores": { "fwg.reload" : 92}}]},
    {"function": "minecraft:set_nbt","tag": "{CustomModelData:4312}","conditions": [{"condition": "minecraft:entity_scores","entity": "this","scores": { "fwg.reload" : 90}}]},
    {"function": "minecraft:set_nbt","tag": "{CustomModelData:4313}","conditions": [{"condition": "minecraft:entity_scores","entity": "this","scores": { "fwg.reload" : 88}}]},
    {"function": "minecraft:set_nbt","tag": "{CustomModelData:4314}","conditions": [{"condition": "minecraft:entity_scores","entity": "this","scores": { "fwg.reload" : 86}}]},

    {"function": "minecraft:set_nbt","tag": "{CustomModelData:4315}","conditions": [{"condition": "minecraft:entity_scores","entity": "this","scores": { "fwg.reload" : 82}}]},
    {"function": "minecraft:set_nbt","tag": "{CustomModelData:4316}","conditions": [{"condition": "minecraft:entity_scores","entity": "this","scores": { "fwg.reload" : 81}}]},
    {"function": "minecraft:set_nbt","tag": "{CustomModelData:4317}","conditions": [{"condition": "minecraft:entity_scores","entity": "this","scores": { "fwg.reload" : 79}}]},
    {"function": "minecraft:set_nbt","tag": "{CustomModelData:4318}","conditions": [{"condition": "minecraft:entity_scores","entity": "this","scores": { "fwg.reload" : 78}}]},
    {"function": "minecraft:set_nbt","tag": "{CustomModelData:4319}","conditions": [{"condition": "minecraft:entity_scores","entity": "this","scores": { "fwg.reload" : 76}}]},
    {"function": "minecraft:set_nbt","tag": "{CustomModelData:4320}","conditions": [{"condition": "minecraft:entity_scores","entity": "this","scores": { "fwg.reload" : 74}}]},

    {"function": "minecraft:set_nbt","tag": "{CustomModelData:4321}","conditions": [{"condition": "minecraft:entity_scores","entity": "this","scores": { "fwg.reload" : 67}}]},
    {"function": "minecraft:set_nbt","tag": "{CustomModelData:4322}","conditions": [{"condition": "minecraft:entity_scores","entity": "this","scores": { "fwg.reload" : 65}}]},
    {"function": "minecraft:set_nbt","tag": "{CustomModelData:4323}","conditions": [{"condition": "minecraft:entity_scores","entity": "this","scores": { "fwg.reload" : 61}}]},

    {"function": "minecraft:set_nbt","tag": "{CustomModelData:4324}","conditions": [{"condition": "minecraft:entity_scores","entity": "this","scores": { "fwg.reload" : 57}}]},
    {"function": "minecraft:set_nbt","tag": "{CustomModelData:4325}","conditions": [{"condition": "minecraft:entity_scores","entity": "this","scores": { "fwg.reload" : 56}}]},
    {"function": "minecraft:set_nbt","tag": "{CustomModelData:4326}","conditions": [{"condition": "minecraft:entity_scores","entity": "this","scores": { "fwg.reload" : 55}}]},
    {"function": "minecraft:set_nbt","tag": "{CustomModelData:4327}","conditions": [{"condition": "minecraft:entity_scores","entity": "this","scores": { "fwg.reload" : 54}}]},

    {"function": "minecraft:set_nbt","tag": "{CustomModelData:4328}","conditions": [{"condition": "minecraft:entity_scores","entity": "this","scores": { "fwg.reload" : 46}}]},
    {"function": "minecraft:set_nbt","tag": "{CustomModelData:4329}","conditions": [{"condition": "minecraft:entity_scores","entity": "this","scores": { "fwg.reload" : 45}}]},
    {"function": "minecraft:set_nbt","tag": "{CustomModelData:4330}","conditions": [{"condition": "minecraft:entity_scores","entity": "this","scores": { "fwg.reload" : 44}}]},
    {"function": "minecraft:set_nbt","tag": "{CustomModelData:4331}","conditions": [{"condition": "minecraft:entity_scores","entity": "this","scores": { "fwg.reload" : 42}}]},

    {"function": "minecraft:set_nbt","tag": "{CustomModelData:4332}","conditions": [{"condition": "minecraft:entity_scores","entity": "this","scores": { "fwg.reload" : 40}}]},
    {"function": "minecraft:set_nbt","tag": "{CustomModelData:4333}","conditions": [{"condition": "minecraft:entity_scores","entity": "this","scores": { "fwg.reload" : 39}}]},
    {"function": "minecraft:set_nbt","tag": "{CustomModelData:4334}","conditions": [{"condition": "minecraft:entity_scores","entity": "this","scores": { "fwg.reload" : 38}}]},
    {"function": "minecraft:set_nbt","tag": "{CustomModelData:4335}","conditions": [{"condition": "minecraft:entity_scores","entity": "this","scores": { "fwg.reload" : 37}}]},

    {"function": "minecraft:set_nbt","tag": "{CustomModelData:4336}","conditions": [{"condition": "minecraft:entity_scores","entity": "this","scores": { "fwg.reload" : 34}}]},
    {"function": "minecraft:set_nbt","tag": "{CustomModelData:4337}","conditions": [{"condition": "minecraft:entity_scores","entity": "this","scores": { "fwg.reload" : 32}}]},
    {"function": "minecraft:set_nbt","tag": "{CustomModelData:4338}","conditions": [{"condition": "minecraft:entity_scores","entity": "this","scores": { "fwg.reload" : 30}}]},
    {"function": "minecraft:set_nbt","tag": "{CustomModelData:4339}","conditions": [{"condition": "minecraft:entity_scores","entity": "this","scores": { "fwg.reload" : 28}}]},
    {"function": "minecraft:set_nbt","tag": "{CustomModelData:4340}","conditions": [{"condition": "minecraft:entity_scores","entity": "this","scores": { "fwg.reload" : 26}}]},
    {"function": "minecraft:set_nbt","tag": "{CustomModelData:4341}","conditions": [{"condition": "minecraft:entity_scores","entity": "this","scores": { "fwg.reload" : 24}}]},

    {"function": "minecraft:set_nbt","tag": "{CustomModelData:4342}","conditions": [{"condition": "minecraft:entity_scores","entity": "this","scores": { "fwg.reload" : 22}}]},
    {"function": "minecraft:set_nbt","tag": "{CustomModelData:4343}","conditions": [{"condition": "minecraft:entity_scores","entity": "this","scores": { "fwg.reload" : 19}}]},
    {"function": "minecraft:set_nbt","tag": "{CustomModelData:4344}","conditions": [{"condition": "minecraft:entity_scores","entity": "this","scores": { "fwg.reload" : 16}}]},
    {"function": "minecraft:set_nbt","tag": "{CustomModelData:4345}","conditions": [{"condition": "minecraft:entity_scores","entity": "this","scores": { "fwg.reload" : 13}}]},
    {"function": "minecraft:set_nbt","tag": "{CustomModelData:4346}","conditions": [{"condition": "minecraft:entity_scores","entity": "this","scores": { "fwg.reload" : 9}}]},
    {"function": "minecraft:set_nbt","tag": "{CustomModelData:4347}","conditions": [{"condition": "minecraft:entity_scores","entity": "this","scores": { "fwg.reload" : 7}}]},
    {"function": "minecraft:set_nbt","tag": "{CustomModelData:4348}","conditions": [{"condition": "minecraft:entity_scores","entity": "this","scores": { "fwg.reload" : 5}}]},
    {"function": "minecraft:set_nbt","tag": "{CustomModelData:4001}","conditions": [{"condition": "minecraft:entity_scores","entity": "this","scores": { "fwg.reload" : 3}}]}
    
  ]
  