[
  {
    "function": "minecraft:set_nbt",
    "tag": "{display:{Name:'{\"text\":\"Ammo Blueprint Folder (Empty)\",\"color\":\"#1F87FF\",\"italic\":false}'},stats:{type:-2,item:0}}",
    "conditions": [{"condition": "minecraft:entity_properties","entity": "this",
        "predicate": {"nbt": "{SelectedItem:{tag:{stats:{type:-2,item:5}}}}"}}]
  },

  {
    "function": "minecraft:set_nbt",
    "tag": "{display:{Name:'{\"text\":\"Drop to Write: Light Ammo Blueprints (lvl.5)\",\"color\":\"#1F87FF\",\"italic\":false}'},stats:{type:-2,item:1}}",
    "conditions": [{"condition": "minecraft:entity_properties","entity": "this",
        "predicate": {"nbt": "{SelectedItem:{tag:{stats:{type:-2,item:0}}}}"}}]
  },
  {
    "function": "minecraft:set_nbt",
    "tag": "{display:{Name:'{\"text\":\"Drop to Write: Medium Ammo Blueprints (lvl.8)\",\"color\":\"#1F87FF\",\"italic\":false}'},stats:{type:-2,item:2}}",
    "conditions": [{"condition": "minecraft:entity_properties","entity": "this",
        "predicate": {"nbt": "{SelectedItem:{tag:{stats:{type:-2,item:1}}}}"}}]
  },
  {
    "function": "minecraft:set_nbt",
    "tag": "{display:{Name:'{\"text\":\"Drop to Write: Heavy Ammo Blueprints (lvl.12)\",\"color\":\"#1F87FF\",\"italic\":false}'},stats:{type:-2,item:3}}",
    "conditions": [{"condition": "minecraft:entity_properties","entity": "this",
        "predicate": {"nbt": "{SelectedItem:{tag:{stats:{type:-2,item:2}}}}"}}]
  },
  {
    "function": "minecraft:set_nbt",
    "tag": "{display:{Name:'{\"text\":\"Drop to Write: Shotgun Ammo Blueprints (lvl.10)\",\"color\":\"#1F87FF\",\"italic\":false}'},stats:{type:-2,item:4}}",
    "conditions": [{"condition": "minecraft:entity_properties","entity": "this",
        "predicate": {"nbt": "{SelectedItem:{tag:{stats:{type:-2,item:3}}}}"}}]
  },
  {
    "function": "minecraft:set_nbt",
    "tag": "{display:{Name:'{\"text\":\"Drop to Write: Explosive Blueprints (lvl.15)\",\"color\":\"#1F87FF\",\"italic\":false}'},stats:{type:-2,item:5}}",
    "conditions": [{"condition": "minecraft:entity_properties","entity": "this",
        "predicate": {"nbt": "{SelectedItem:{tag:{stats:{type:-2,item:4}}}}"}}]
  }
]
