[
    {"function": "minecraft:set_nbt","tag": "{CustomModelData:6201}","conditions": [{"condition": "minecraft:entity_scores","entity": "this","scores": { "fwg.cooldown" : 21}}]},
    {"function": "minecraft:set_nbt","tag": "{CustomModelData:6202}","conditions": [{"condition": "minecraft:entity_scores","entity": "this","scores": { "fwg.cooldown" : 20}}]},
    {"function": "minecraft:set_nbt","tag": "{CustomModelData:6210}","conditions": [{"condition": "minecraft:entity_scores","entity": "this","scores": { "fwg.cooldown" : 18}}]},
    {"function": "minecraft:set_nbt","tag": "{CustomModelData:6211}","conditions": [{"condition": "minecraft:entity_scores","entity": "this","scores": { "fwg.cooldown" : 17}}]},
    {"function": "minecraft:set_nbt","tag": "{CustomModelData:6212}","conditions": [{"condition": "minecraft:entity_scores","entity": "this","scores": { "fwg.cooldown" : 16}}]},
    {"function": "minecraft:set_nbt","tag": "{CustomModelData:6213}","conditions": [{"condition": "minecraft:entity_scores","entity": "this","scores": { "fwg.cooldown" : 15}}]},
    {"function": "minecraft:set_nbt","tag": "{CustomModelData:6214}","conditions": [{"condition": "minecraft:entity_scores","entity": "this","scores": { "fwg.cooldown" : 13}}]},
    {"function": "minecraft:set_nbt","tag": "{CustomModelData:6215}","conditions": [{"condition": "minecraft:entity_scores","entity": "this","scores": { "fwg.cooldown" : 11}}]},
    {"function": "minecraft:set_nbt","tag": "{CustomModelData:6216}","conditions": [{"condition": "minecraft:entity_scores","entity": "this","scores": { "fwg.cooldown" : 9}}]},
    {"function": "minecraft:set_nbt","tag": "{CustomModelData:6002}","conditions": [{"condition": "minecraft:entity_scores","entity": "this","scores": { "fwg.cooldown" : 7}}]}
  ]
  