[
    {"function": "minecraft:set_nbt","tag": "{CustomModelData:6201}","conditions": [{"condition": "minecraft:entity_scores","entity": "this","scores": { "fwg.cooldown" : 21}}]},
    {"function": "minecraft:set_nbt","tag": "{CustomModelData:6202}","conditions": [{"condition": "minecraft:entity_scores","entity": "this","scores": { "fwg.cooldown" : 20}}]},
    {"function": "minecraft:set_nbt","tag": "{CustomModelData:6203}","conditions": [{"condition": "minecraft:entity_scores","entity": "this","scores": { "fwg.cooldown" : 18}}]},
    {"function": "minecraft:set_nbt","tag": "{CustomModelData:6204}","conditions": [{"condition": "minecraft:entity_scores","entity": "this","scores": { "fwg.cooldown" : 17}}]},
    {"function": "minecraft:set_nbt","tag": "{CustomModelData:6205}","conditions": [{"condition": "minecraft:entity_scores","entity": "this","scores": { "fwg.cooldown" : 16}}]},
    {"function": "minecraft:set_nbt","tag": "{CustomModelData:6206}","conditions": [{"condition": "minecraft:entity_scores","entity": "this","scores": { "fwg.cooldown" : 15}}]},
    {"function": "minecraft:set_nbt","tag": "{CustomModelData:6207}","conditions": [{"condition": "minecraft:entity_scores","entity": "this","scores": { "fwg.cooldown" : 13}}]},
    {"function": "minecraft:set_nbt","tag": "{CustomModelData:6208}","conditions": [{"condition": "minecraft:entity_scores","entity": "this","scores": { "fwg.cooldown" : 11}}]},
    {"function": "minecraft:set_nbt","tag": "{CustomModelData:6209}","conditions": [{"condition": "minecraft:entity_scores","entity": "this","scores": { "fwg.cooldown" : 9}}]},
    {"function": "minecraft:set_nbt","tag": "{CustomModelData:6001}","conditions": [{"condition": "minecraft:entity_scores","entity": "this","scores": { "fwg.cooldown" : 7}}]}
  ]
  