[
    {"function": "minecraft:set_nbt","tag": "{CustomModelData:6401}","conditions": [{"condition": "minecraft:entity_scores","entity": "this","scores": { "fwg.reload" : 72}}]},
    {"function": "minecraft:set_nbt","tag": "{CustomModelData:6402}","conditions": [{"condition": "minecraft:entity_scores","entity": "this","scores": { "fwg.reload" : 70}}]},
    {"function": "minecraft:set_nbt","tag": "{CustomModelData:6403}","conditions": [{"condition": "minecraft:entity_scores","entity": "this","scores": { "fwg.reload" : 69}}]},
    {"function": "minecraft:set_nbt","tag": "{CustomModelData:6404}","conditions": [{"condition": "minecraft:entity_scores","entity": "this","scores": { "fwg.reload" : 68}}]},

    {"function": "minecraft:set_nbt","tag": "{CustomModelData:6405}","conditions": [{"condition": "minecraft:entity_scores","entity": "this","scores": { "fwg.reload" : 65}}]},
    {"function": "minecraft:set_nbt","tag": "{CustomModelData:6406}","conditions": [{"condition": "minecraft:entity_scores","entity": "this","scores": { "fwg.reload" : 64}}]},
    {"function": "minecraft:set_nbt","tag": "{CustomModelData:6407}","conditions": [{"condition": "minecraft:entity_scores","entity": "this","scores": { "fwg.reload" : 63}}]},
    {"function": "minecraft:set_nbt","tag": "{CustomModelData:6408}","conditions": [{"condition": "minecraft:entity_scores","entity": "this","scores": { "fwg.reload" : 61}}]},
    {"function": "minecraft:set_nbt","tag": "{CustomModelData:6409}","conditions": [{"condition": "minecraft:entity_scores","entity": "this","scores": { "fwg.reload" : 59}}]},

    {"function": "minecraft:set_nbt","tag": "{CustomModelData:6410}","conditions": [{"condition": "minecraft:entity_scores","entity": "this","scores": { "fwg.reload" : 55}}]},
    {"function": "minecraft:set_nbt","tag": "{CustomModelData:6411}","conditions": [{"condition": "minecraft:entity_scores","entity": "this","scores": { "fwg.reload" : 53}}]},
    {"function": "minecraft:set_nbt","tag": "{CustomModelData:6412}","conditions": [{"condition": "minecraft:entity_scores","entity": "this","scores": { "fwg.reload" : 52}}]},
    {"function": "minecraft:set_nbt","tag": "{CustomModelData:6413}","conditions": [{"condition": "minecraft:entity_scores","entity": "this","scores": { "fwg.reload" : 51}}]},
    {"function": "minecraft:set_nbt","tag": "{CustomModelData:6414}","conditions": [{"condition": "minecraft:entity_scores","entity": "this","scores": { "fwg.reload" : 50}}]},
    {"function": "minecraft:set_nbt","tag": "{CustomModelData:6415}","conditions": [{"condition": "minecraft:entity_scores","entity": "this","scores": { "fwg.reload" : 49}}]},

    {"function": "minecraft:set_nbt","tag": "{CustomModelData:6416}","conditions": [{"condition": "minecraft:entity_scores","entity": "this","scores": { "fwg.reload" : 45}}]},
    {"function": "minecraft:set_nbt","tag": "{CustomModelData:6417}","conditions": [{"condition": "minecraft:entity_scores","entity": "this","scores": { "fwg.reload" : 44}}]},
    {"function": "minecraft:set_nbt","tag": "{CustomModelData:6418}","conditions": [{"condition": "minecraft:entity_scores","entity": "this","scores": { "fwg.reload" : 43}}]},
    {"function": "minecraft:set_nbt","tag": "{CustomModelData:6419}","conditions": [{"condition": "minecraft:entity_scores","entity": "this","scores": { "fwg.reload" : 41}}]},
    {"function": "minecraft:set_nbt","tag": "{CustomModelData:6420}","conditions": [{"condition": "minecraft:entity_scores","entity": "this","scores": { "fwg.reload" : 39}}]},

    {"function": "minecraft:set_nbt","tag": "{CustomModelData:6421}","conditions": [{"condition": "minecraft:entity_scores","entity": "this","scores": { "fwg.reload" : 34}}]},
    {"function": "minecraft:set_nbt","tag": "{CustomModelData:6422}","conditions": [{"condition": "minecraft:entity_scores","entity": "this","scores": { "fwg.reload" : 33}}]},
    {"function": "minecraft:set_nbt","tag": "{CustomModelData:6423}","conditions": [{"condition": "minecraft:entity_scores","entity": "this","scores": { "fwg.reload" : 31}}]},
    {"function": "minecraft:set_nbt","tag": "{CustomModelData:6424}","conditions": [{"condition": "minecraft:entity_scores","entity": "this","scores": { "fwg.reload" : 29}}]},

    {"function": "minecraft:set_nbt","tag": "{CustomModelData:6425}","conditions": [{"condition": "minecraft:entity_scores","entity": "this","scores": { "fwg.reload" : 25}}]},
    {"function": "minecraft:set_nbt","tag": "{CustomModelData:6426}","conditions": [{"condition": "minecraft:entity_scores","entity": "this","scores": { "fwg.reload" : 24}}]},
    {"function": "minecraft:set_nbt","tag": "{CustomModelData:6427}","conditions": [{"condition": "minecraft:entity_scores","entity": "this","scores": { "fwg.reload" : 22}}]},

    {"function": "minecraft:set_nbt","tag": "{CustomModelData:6428}","conditions": [{"condition": "minecraft:entity_scores","entity": "this","scores": { "fwg.reload" : 18}}]},
    {"function": "minecraft:set_nbt","tag": "{CustomModelData:6429}","conditions": [{"condition": "minecraft:entity_scores","entity": "this","scores": { "fwg.reload" : 17}}]},
    {"function": "minecraft:set_nbt","tag": "{CustomModelData:6430}","conditions": [{"condition": "minecraft:entity_scores","entity": "this","scores": { "fwg.reload" : 16}}]},
    {"function": "minecraft:set_nbt","tag": "{CustomModelData:6431}","conditions": [{"condition": "minecraft:entity_scores","entity": "this","scores": { "fwg.reload" : 14}}]},
    {"function": "minecraft:set_nbt","tag": "{CustomModelData:6432}","conditions": [{"condition": "minecraft:entity_scores","entity": "this","scores": { "fwg.reload" : 12}}]},

    {"function": "minecraft:set_nbt","tag": "{CustomModelData:6433}","conditions": [{"condition": "minecraft:entity_scores","entity": "this","scores": { "fwg.reload" : 10}}]},
    {"function": "minecraft:set_nbt","tag": "{CustomModelData:6434}","conditions": [{"condition": "minecraft:entity_scores","entity": "this","scores": { "fwg.reload" : 9}}]},
    {"function": "minecraft:set_nbt","tag": "{CustomModelData:6435}","conditions": [{"condition": "minecraft:entity_scores","entity": "this","scores": { "fwg.reload" : 8}}]},
    {"function": "minecraft:set_nbt","tag": "{CustomModelData:6436}","conditions": [{"condition": "minecraft:entity_scores","entity": "this","scores": { "fwg.reload" : 7}}]},
    {"function": "minecraft:set_nbt","tag": "{CustomModelData:6437}","conditions": [{"condition": "minecraft:entity_scores","entity": "this","scores": { "fwg.reload" : 5}}]},
    {"function": "minecraft:set_nbt","tag": "{CustomModelData:6438}","conditions": [{"condition": "minecraft:entity_scores","entity": "this","scores": { "fwg.reload" : 3}}]},
    {"function": "minecraft:set_nbt","tag": "{CustomModelData:6001}","conditions": [{"condition": "minecraft:entity_scores","entity": "this","scores": { "fwg.reload" : 1}}]}
  ]
  