[
    {"function": "minecraft:set_nbt","tag": "{CustomModelData:5301}","conditions": [{"condition": "minecraft:entity_scores","entity": "this","scores": { "fwg.reload" : 60}}]},
    {"function": "minecraft:set_nbt","tag": "{CustomModelData:5302}","conditions": [{"condition": "minecraft:entity_scores","entity": "this","scores": { "fwg.reload" : 59}}]},

    {"function": "minecraft:set_nbt","tag": "{CustomModelData:5303}","conditions": [{"condition": "minecraft:entity_scores","entity": "this","scores": { "fwg.reload" : 58}}]},
    {"function": "minecraft:set_nbt","tag": "{CustomModelData:5304}","conditions": [{"condition": "minecraft:entity_scores","entity": "this","scores": { "fwg.reload" : 57}}]},
    {"function": "minecraft:set_nbt","tag": "{CustomModelData:5305}","conditions": [{"condition": "minecraft:entity_scores","entity": "this","scores": { "fwg.reload" : 55}}]},
    {"function": "minecraft:set_nbt","tag": "{CustomModelData:5306}","conditions": [{"condition": "minecraft:entity_scores","entity": "this","scores": { "fwg.reload" : 53}}]},
    {"function": "minecraft:set_nbt","tag": "{CustomModelData:5307}","conditions": [{"condition": "minecraft:entity_scores","entity": "this","scores": { "fwg.reload" : 51}}]},

    {"function": "minecraft:set_nbt","tag": "{CustomModelData:5308}","conditions": [{"condition": "minecraft:entity_scores","entity": "this","scores": { "fwg.reload" : 48}}]},
    {"function": "minecraft:set_nbt","tag": "{CustomModelData:5309}","conditions": [{"condition": "minecraft:entity_scores","entity": "this","scores": { "fwg.reload" : 46}}]},
    {"function": "minecraft:set_nbt","tag": "{CustomModelData:5310}","conditions": [{"condition": "minecraft:entity_scores","entity": "this","scores": { "fwg.reload" : 45}}]},
    {"function": "minecraft:set_nbt","tag": "{CustomModelData:5310}","conditions": [{"condition": "minecraft:entity_scores","entity": "this","scores": { "fwg.reload" : 44}}]},
    {"function": "minecraft:set_nbt","tag": "{CustomModelData:5311}","conditions": [{"condition": "minecraft:entity_scores","entity": "this","scores": { "fwg.reload" : 42}}]},
    {"function": "minecraft:set_nbt","tag": "{CustomModelData:5312}","conditions": [{"condition": "minecraft:entity_scores","entity": "this","scores": { "fwg.reload" : 40}}]},

    {"function": "minecraft:set_nbt","tag": "{CustomModelData:5313}","conditions": [{"condition": "minecraft:entity_scores","entity": "this","scores": { "fwg.reload" : 37}}]},
    {"function": "minecraft:set_nbt","tag": "{CustomModelData:5314}","conditions": [{"condition": "minecraft:entity_scores","entity": "this","scores": { "fwg.reload" : 36}}]},
    {"function": "minecraft:set_nbt","tag": "{CustomModelData:5315}","conditions": [{"condition": "minecraft:entity_scores","entity": "this","scores": { "fwg.reload" : 35}}]},
    {"function": "minecraft:set_nbt","tag": "{CustomModelData:5316}","conditions": [{"condition": "minecraft:entity_scores","entity": "this","scores": { "fwg.reload" : 33}}]},
    {"function": "minecraft:set_nbt","tag": "{CustomModelData:5317}","conditions": [{"condition": "minecraft:entity_scores","entity": "this","scores": { "fwg.reload" : 31}}]},
    {"function": "minecraft:set_nbt","tag": "{CustomModelData:5318}","conditions": [{"condition": "minecraft:entity_scores","entity": "this","scores": { "fwg.reload" : 28}}]},

    {"function": "minecraft:set_nbt","tag": "{CustomModelData:5319}","conditions": [{"condition": "minecraft:entity_scores","entity": "this","scores": { "fwg.reload" : 24}}]},
    {"function": "minecraft:set_nbt","tag": "{CustomModelData:5320}","conditions": [{"condition": "minecraft:entity_scores","entity": "this","scores": { "fwg.reload" : 23}}]},
    {"function": "minecraft:set_nbt","tag": "{CustomModelData:5320}","conditions": [{"condition": "minecraft:entity_scores","entity": "this","scores": { "fwg.reload" : 22}}]},
    {"function": "minecraft:set_nbt","tag": "{CustomModelData:5321}","conditions": [{"condition": "minecraft:entity_scores","entity": "this","scores": { "fwg.reload" : 21}}]},
    {"function": "minecraft:set_nbt","tag": "{CustomModelData:5322}","conditions": [{"condition": "minecraft:entity_scores","entity": "this","scores": { "fwg.reload" : 19}}]},
    {"function": "minecraft:set_nbt","tag": "{CustomModelData:5323}","conditions": [{"condition": "minecraft:entity_scores","entity": "this","scores": { "fwg.reload" : 17}}]},

    {"function": "minecraft:set_nbt","tag": "{CustomModelData:5324}","conditions": [{"condition": "minecraft:entity_scores","entity": "this","scores": { "fwg.reload" : 14}}]},
    {"function": "minecraft:set_nbt","tag": "{CustomModelData:5325}","conditions": [{"condition": "minecraft:entity_scores","entity": "this","scores": { "fwg.reload" : 12}}]},
    {"function": "minecraft:set_nbt","tag": "{CustomModelData:5326}","conditions": [{"condition": "minecraft:entity_scores","entity": "this","scores": { "fwg.reload" : 11}}]},
    {"function": "minecraft:set_nbt","tag": "{CustomModelData:5327}","conditions": [{"condition": "minecraft:entity_scores","entity": "this","scores": { "fwg.reload" : 10}}]},
    {"function": "minecraft:set_nbt","tag": "{CustomModelData:5328}","conditions": [{"condition": "minecraft:entity_scores","entity": "this","scores": { "fwg.reload" : 9}}]},
    {"function": "minecraft:set_nbt","tag": "{CustomModelData:5329}","conditions": [{"condition": "minecraft:entity_scores","entity": "this","scores": { "fwg.reload" : 7}}]},
    {"function": "minecraft:set_nbt","tag": "{CustomModelData:5330}","conditions": [{"condition": "minecraft:entity_scores","entity": "this","scores": { "fwg.reload" : 5}}]},
    {"function": "minecraft:set_nbt","tag": "{CustomModelData:5001}","conditions": [{"condition": "minecraft:entity_scores","entity": "this","scores": { "fwg.reload" : 3}}]}
]