[
  {"function": "minecraft:set_nbt","tag": "{CustomModelData:1101}","conditions": [{"condition": "minecraft:entity_scores","entity": "this","scores": { "fwg.draw" : 12}}]},
  {"function": "minecraft:set_nbt","tag": "{CustomModelData:1102}","conditions": [{"condition": "minecraft:entity_scores","entity": "this","scores": { "fwg.draw" : 11}}]},

  {"function": "minecraft:set_nbt","tag": "{CustomModelData:1103}","conditions": [{"condition": "minecraft:entity_scores","entity": "this","scores": { "fwg.draw" : 9}}]},
  {"function": "minecraft:set_nbt","tag": "{CustomModelData:1104}","conditions": [{"condition": "minecraft:entity_scores","entity": "this","scores": { "fwg.draw" : 8}}]},
  {"function": "minecraft:set_nbt","tag": "{CustomModelData:1105}","conditions": [{"condition": "minecraft:entity_scores","entity": "this","scores": { "fwg.draw" : 7}}]},
  {"function": "minecraft:set_nbt","tag": "{CustomModelData:1106}","conditions": [{"condition": "minecraft:entity_scores","entity": "this","scores": { "fwg.draw" : 5}}]},
  {"function": "minecraft:set_nbt","tag": "{CustomModelData:1107}","conditions": [{"condition": "minecraft:entity_scores","entity": "this","scores": { "fwg.draw" : 3}}]},
  {"function": "minecraft:set_nbt","tag": "{CustomModelData:1001}","conditions": [{"condition": "minecraft:entity_scores","entity": "this","scores": { "fwg.draw" : 1}}]}
]
