[
  {
    "function": "minecraft:set_nbt",
    "tag": "{display:{Name:'{\"text\":\"Light Ammo Blueprint (.45 ACP)\",\"color\":\"#1F87FF\",\"italic\":false}'},stats:{type:0,item:1,ammo:45}}",
    "conditions": [{"condition": "minecraft:entity_properties","entity": "this",
        "predicate": {"nbt": "{SelectedItem:{tag:{stats:{type:0,item:1,ammo:0}}}}"}}]
  },
  {
    "function": "minecraft:set_nbt",
    "tag": "{display:{Name:'{\"text\":\"Light Ammo Blueprint (5.7x28mm)\",\"color\":\"#1F87FF\",\"italic\":false}'},stats:{type:0,item:1,ammo:5728}}",
    "conditions": [{"condition": "minecraft:entity_properties","entity": "this",
        "predicate": {"nbt": "{SelectedItem:{tag:{stats:{type:0,item:1,ammo:45}}}}"}}]
  },
  {
    "function": "minecraft:set_nbt",
    "tag": "{display:{Name:'{\"text\":\"Light Ammo Blueprint (.45 ACP)\",\"color\":\"#1F87FF\",\"italic\":false}'},stats:{type:0,item:1,ammo:45}}",
    "conditions": [{"condition": "minecraft:entity_properties","entity": "this",
        "predicate": {"nbt": "{SelectedItem:{tag:{stats:{type:0,item:1,ammo:5728}}}}"}}]
  }
]
